


INSERT INTO `user` (`ID`, `username`, `password`, `status`, `name`, `surname`, `registration_date`, `email`) VALUES (1, 'harold15', 'ba8bc6472c308799ffe7ecd93f869dfba78ace9a', 1, 'Thea', 'Dietrich', '2013-01-22', 'cleveland.keeling@example.com');
INSERT INTO `user` (`ID`, `username`, `password`, `status`, `name`, `surname`, `registration_date`, `email`) VALUES (2, 'whowell', 'c37ff9060f2aa2d0865a68766d23cdd2226de1b3', 0, 'Elvera', 'Wunsch', '1977-06-08', 'orice@example.net');
INSERT INTO `user` (`ID`, `username`, `password`, `status`, `name`, `surname`, `registration_date`, `email`) VALUES (3, 'brogahn', 'e408fa6c483066fe65146b07311af2b5409edf79', 1, 'Valentin', 'Fahey', '1982-01-04', 'feest.don@example.net');
INSERT INTO `user` (`ID`, `username`, `password`, `status`, `name`, `surname`, `registration_date`, `email`) VALUES (4, 'iterry', 'e23fe0c7b2e8ec53b097eb3190196a155a79444d', 1, 'Mikayla', 'Lockman', '1983-11-14', 'bessie58@example.org');
INSERT INTO `user` (`ID`, `username`, `password`, `status`, `name`, `surname`, `registration_date`, `email`) VALUES (5, 'fausto.mertz', 'c6180a5d06365a32c87b0b15eec050e676733e85', 0, 'Zackary', 'O\'Kon', '2006-04-01', 'rex.corwin@example.com');
INSERT INTO `user` (`ID`, `username`, `password`, `status`, `name`, `surname`, `registration_date`, `email`) VALUES (6, 'djenkins', 'ff97c644b7230ca95d30c1fb86446b47bfd61ff4', 1, 'Alayna', 'Nitzsche', '2011-06-30', 'meredith.heaney@example.com');
INSERT INTO `user` (`ID`, `username`, `password`, `status`, `name`, `surname`, `registration_date`, `email`) VALUES (7, 'glover.althea', 'be7a98fac33fac0b2ee1cad6e96ea284a95075c5', 0, 'Kyla', 'Johns', '1985-05-03', 'jazmin03@example.com');
INSERT INTO `user` (`ID`, `username`, `password`, `status`, `name`, `surname`, `registration_date`, `email`) VALUES (8, 'eldridge70', '9ee1535044ee4b26358a0b79430f4a8557f81220', 0, 'Toney', 'Conn', '2003-12-26', 'ljohns@example.net');
INSERT INTO `user` (`ID`, `username`, `password`, `status`, `name`, `surname`, `registration_date`, `email`) VALUES (9, 'rnolan', '0a4f0ee54f5941241af25ffb7bcb7346451a7b5d', 0, 'Casimer', 'Schneider', '1993-01-22', 'connie86@example.net');
INSERT INTO `user` (`ID`, `username`, `password`, `status`, `name`, `surname`, `registration_date`, `email`) VALUES (10, 'wisozk.queen', '5b545b44c5f92382d0f12e9446ed920dce974dea', 0, 'Israel', 'Feest', '1983-11-03', 'ettie25@example.net');
INSERT INTO `user` (`ID`, `username`, `password`, `status`, `name`, `surname`, `registration_date`, `email`) VALUES (11, 'mckenzie.alfreda', 'b4cbc04ed32b1ff5f623c0fcf3c1944f3605babe', 0, 'Elfrieda', 'Eichmann', '1989-05-19', 'fbayer@example.com');
INSERT INTO `user` (`ID`, `username`, `password`, `status`, `name`, `surname`, `registration_date`, `email`) VALUES (12, 'aufderhar.henri', 'ce0abbb7d5f230fa847c67785594c0f67f7319d4', 0, 'Willis', 'Gusikowski', '2001-07-13', 'wabshire@example.net');
INSERT INTO `user` (`ID`, `username`, `password`, `status`, `name`, `surname`, `registration_date`, `email`) VALUES (13, 'walsh.abigayle', '048cc6fae6f570f746339c35697c470af41c0326', 1, 'Johnson', 'Krajcik', '1983-02-21', 'tremblay.mercedes@example.org');
INSERT INTO `user` (`ID`, `username`, `password`, `status`, `name`, `surname`, `registration_date`, `email`) VALUES (14, 'd\'amore.cindy', 'aee5a61107a6cd41ce515041abe934c480a04d6c', 1, 'Dejuan', 'Ritchie', '1993-09-10', 'deborah74@example.com');
INSERT INTO `user` (`ID`, `username`, `password`, `status`, `name`, `surname`, `registration_date`, `email`) VALUES (15, 'xdare', '1887f620e9ba90e3bdf12c6d091f71e06b2e6679', 1, 'Sabryna', 'Becker', '2004-07-08', 'santiago.haag@example.com');
INSERT INTO `user` (`ID`, `username`, `password`, `status`, `name`, `surname`, `registration_date`, `email`) VALUES (16, 'chaya97', '7762f157bfd6d06af75fdb4b7246588017821da0', 0, 'Alfreda', 'Crona', '2006-01-22', 'adah94@example.com');
INSERT INTO `user` (`ID`, `username`, `password`, `status`, `name`, `surname`, `registration_date`, `email`) VALUES (17, 'pearline44', 'dbd3d1dfe210d26e0a7e6c25a0612c93db1d42d6', 0, 'Mabelle', 'Bradtke', '2012-03-20', 'marlene.stoltenberg@example.org');
INSERT INTO `user` (`ID`, `username`, `password`, `status`, `name`, `surname`, `registration_date`, `email`) VALUES (18, 'metz.dana', '43c656afe592470a45f3b61ca118976988c5eaf6', 0, 'Ronny', 'Wunsch', '1990-02-14', 'gonzalo90@example.org');
INSERT INTO `user` (`ID`, `username`, `password`, `status`, `name`, `surname`, `registration_date`, `email`) VALUES (19, 'breanna.cronin', 'c2185ed6c33df6a969c0aae889f34a45c804b18f', 1, 'Quinn', 'Emard', '2017-01-28', 'miller.anabel@example.org');
INSERT INTO `user` (`ID`, `username`, `password`, `status`, `name`, `surname`, `registration_date`, `email`) VALUES (20, 'kyra.gerhold', 'db96cf70e75740f9d71002ee0a7ab1c7e7125cd7', 1, 'Lourdes', 'Ankunding', '1983-11-28', 'sherwood.wilkinson@example.org');
INSERT INTO `user` (`ID`, `username`, `password`, `status`, `name`, `surname`, `registration_date`, `email`) VALUES (21, 'zemlak.caleigh', 'fcccb72a665f7f4ecc7fc621615eda95c61cf928', 0, 'Elvera', 'Wintheiser', '1986-11-25', 'trantow.christop@example.net');
INSERT INTO `user` (`ID`, `username`, `password`, `status`, `name`, `surname`, `registration_date`, `email`) VALUES (22, 'skuhn', '8811f39258c5380bce7a7431dfc930acc08a8992', 0, 'Myah', 'Reinger', '2009-08-06', 'marcel20@example.com');
INSERT INTO `user` (`ID`, `username`, `password`, `status`, `name`, `surname`, `registration_date`, `email`) VALUES (23, 'btorp', '408a9085b9d89d1da4ab83425335c5bb2d72a35e', 0, 'Kimberly', 'Breitenberg', '1999-05-17', 'effie19@example.com');
INSERT INTO `user` (`ID`, `username`, `password`, `status`, `name`, `surname`, `registration_date`, `email`) VALUES (24, 'ralph.balistreri', '7884d24e598b2c6bf191bdc96fbd6432b620e89e', 0, 'Monroe', 'Parker', '2010-10-07', 'ludie66@example.com');
INSERT INTO `user` (`ID`, `username`, `password`, `status`, `name`, `surname`, `registration_date`, `email`) VALUES (25, 'elsa.bergstrom', '7bd4e3657ff9fbaae47b511989110abc0293df0a', 0, 'Vicente', 'Brakus', '2017-06-30', 'crooks.lessie@example.org');
INSERT INTO `user` (`ID`, `username`, `password`, `status`, `name`, `surname`, `registration_date`, `email`) VALUES (26, 'doyle.zion', 'ba10c50bf6663f335bb7b71d6c223043a4b10907', 1, 'Justine', 'Howell', '1977-01-06', 'golden.reichert@example.net');
INSERT INTO `user` (`ID`, `username`, `password`, `status`, `name`, `surname`, `registration_date`, `email`) VALUES (27, 'irving.will', 'a3155c168311959619b7a6b171e0369f8059133a', 1, 'Jayde', 'Lesch', '1979-03-10', 'khansen@example.net');
INSERT INTO `user` (`ID`, `username`, `password`, `status`, `name`, `surname`, `registration_date`, `email`) VALUES (28, 'geovanny.lind', 'cbaa95bca833a0e41d61707477390978c3f4dca9', 0, 'Orland', 'Miller', '1977-12-01', 'pat.raynor@example.net');
INSERT INTO `user` (`ID`, `username`, `password`, `status`, `name`, `surname`, `registration_date`, `email`) VALUES (29, 'una.wyman', '0d943fe81003476ff9b2b59c002c429eb95386a2', 1, 'Kraig', 'Mante', '1990-09-23', 'madisen.zieme@example.com');
INSERT INTO `user` (`ID`, `username`, `password`, `status`, `name`, `surname`, `registration_date`, `email`) VALUES (30, 'krajcik.darian', '21231090f5347b981f6e1737724937d3e5870070', 1, 'Mary', 'Miller', '2014-08-21', 'virgie96@example.org');
INSERT INTO `user` (`ID`, `username`, `password`, `status`, `name`, `surname`, `registration_date`, `email`) VALUES (31, 'arvel65', '6d2bb55f566e5029d041cece2e50c3caac572ff3', 0, 'Gage', 'Cole', '1989-03-04', 'hubert.larkin@example.net');
INSERT INTO `user` (`ID`, `username`, `password`, `status`, `name`, `surname`, `registration_date`, `email`) VALUES (32, 'dustin50', '6decb01c7d33e551a609330e56d61b41c25d8966', 1, 'Enrico', 'Kessler', '2000-10-14', 'kd\'amore@example.com');
INSERT INTO `user` (`ID`, `username`, `password`, `status`, `name`, `surname`, `registration_date`, `email`) VALUES (33, 'christopher.schroeder', 'bccec30bd7e7b99a3d5a076b9e1da598ae3ad055', 1, 'Virgie', 'Homenick', '1976-02-16', 'marquardt.vicente@example.org');
INSERT INTO `user` (`ID`, `username`, `password`, `status`, `name`, `surname`, `registration_date`, `email`) VALUES (34, 'mozell.hartmann', '44f3ee8ef015b45bdfe6a8877cf0e5e75e148917', 1, 'Delbert', 'Wolf', '1991-10-07', 'marisa08@example.com');
INSERT INTO `user` (`ID`, `username`, `password`, `status`, `name`, `surname`, `registration_date`, `email`) VALUES (35, 'leonie.leannon', 'c9ee036e582feb9b96fcf3cc33ca569d6fb572b1', 1, 'Halle', 'Hauck', '2003-10-25', 'jaclyn64@example.org');
INSERT INTO `user` (`ID`, `username`, `password`, `status`, `name`, `surname`, `registration_date`, `email`) VALUES (36, 'delphine.ward', 'e6681f1b20686b1d02b9c61a1411ac1fb98db4ba', 0, 'Catherine', 'Conroy', '2009-03-21', 'lacy96@example.com');
INSERT INTO `user` (`ID`, `username`, `password`, `status`, `name`, `surname`, `registration_date`, `email`) VALUES (37, 'linda51', '3eb2dadd75aac00f28e423d3e3e094f71816f216', 1, 'Estelle', 'D\'Amore', '1978-07-19', 'melyssa.feil@example.com');
INSERT INTO `user` (`ID`, `username`, `password`, `status`, `name`, `surname`, `registration_date`, `email`) VALUES (38, 'darrick40', '43207a23a21e9dd2c0e5b5410bcc6915e92628eb', 0, 'Fredy', 'Hauck', '1978-06-07', 'elian99@example.org');
INSERT INTO `user` (`ID`, `username`, `password`, `status`, `name`, `surname`, `registration_date`, `email`) VALUES (39, 'bashirian.roma', '609c7eefe93f3ed70c62f4f03b02e6366321b55e', 1, 'Emma', 'Ruecker', '1993-12-15', 'katelynn.crist@example.com');
INSERT INTO `user` (`ID`, `username`, `password`, `status`, `name`, `surname`, `registration_date`, `email`) VALUES (40, 'van31', '521ea7f5c7fb9cae33aea4b1148760cad822a328', 1, 'Vicenta', 'Emmerich', '1989-12-02', 'brandy.krajcik@example.net');
INSERT INTO `user` (`ID`, `username`, `password`, `status`, `name`, `surname`, `registration_date`, `email`) VALUES (41, 'pnolan', '8f74e565875dad8fbc834fa0211edd9539a2eb47', 1, 'Kenton', 'O\'Reilly', '1982-09-17', 'kpowlowski@example.net');
INSERT INTO `user` (`ID`, `username`, `password`, `status`, `name`, `surname`, `registration_date`, `email`) VALUES (42, 'brigitte26', 'e9b10067bc89a8c5e97e8cc31244980eaed355b4', 0, 'Prudence', 'Vandervort', '1995-06-01', 'fidel.haag@example.org');
INSERT INTO `user` (`ID`, `username`, `password`, `status`, `name`, `surname`, `registration_date`, `email`) VALUES (43, 'breanna58', '6c60f47cb425a2453572e2366d758d407e1fa6fe', 1, 'Chaya', 'Dickens', '1999-01-27', 'kathleen.luettgen@example.com');
INSERT INTO `user` (`ID`, `username`, `password`, `status`, `name`, `surname`, `registration_date`, `email`) VALUES (44, 'kilback.valerie', '0b1e9fee5871219e0dd6cf637d6de6bb6440fef5', 0, 'Vincenzo', 'Beahan', '1983-02-16', 'ffunk@example.com');
INSERT INTO `user` (`ID`, `username`, `password`, `status`, `name`, `surname`, `registration_date`, `email`) VALUES (45, 'elna80', '96621d151aff717778d7613aa0d80351cb9bd780', 0, 'Charlotte', 'Shanahan', '1972-07-10', 'whilpert@example.org');
INSERT INTO `user` (`ID`, `username`, `password`, `status`, `name`, `surname`, `registration_date`, `email`) VALUES (46, 'emiliano51', '7996ebe42be102010f391efcc0acdc5a00df541c', 0, 'Tyrell', 'Donnelly', '2005-04-20', 'orn.kristoffer@example.net');
INSERT INTO `user` (`ID`, `username`, `password`, `status`, `name`, `surname`, `registration_date`, `email`) VALUES (47, 'ericka.hintz', '9b6aa61a88911ad5e724687de3296cc739bfaae1', 0, 'Howell', 'Gutmann', '1979-05-12', 'uzieme@example.net');
INSERT INTO `user` (`ID`, `username`, `password`, `status`, `name`, `surname`, `registration_date`, `email`) VALUES (48, 'schulist.meta', '04061dc06cf5331a3b8bada78663f25d4455c364', 1, 'Paris', 'Thompson', '2007-09-08', 'amya.berge@example.org');
INSERT INTO `user` (`ID`, `username`, `password`, `status`, `name`, `surname`, `registration_date`, `email`) VALUES (49, 'erika.rice', '4ceaa4b5196f52b3a9e9d645c10d37748a2debd6', 0, 'Ila', 'Simonis', '2012-03-10', 'darien94@example.net');
INSERT INTO `user` (`ID`, `username`, `password`, `status`, `name`, `surname`, `registration_date`, `email`) VALUES (50, 'reichel.letitia', 'dc4bff2a16cf53e31af854c8ed50a23905449bc0', 0, 'Kylee', 'Pagac', '1979-02-11', 'shanel34@example.org');
INSERT INTO `user` (`ID`, `username`, `password`, `status`, `name`, `surname`, `registration_date`, `email`) VALUES (51, 'liliana.konopelski', 'a3ce61852407dd5ab4ab5f007c2eec214ab776df', 1, 'Miracle', 'Huels', '1973-04-18', 'wconsidine@example.org');
INSERT INTO `user` (`ID`, `username`, `password`, `status`, `name`, `surname`, `registration_date`, `email`) VALUES (52, 'price.jamil', '4243f21efe686a73a27e0f02435d3b9ba5a34386', 1, 'Edgar', 'Waters', '2006-10-05', 'tyrel58@example.com');
INSERT INTO `user` (`ID`, `username`, `password`, `status`, `name`, `surname`, `registration_date`, `email`) VALUES (53, 'prosacco.terrance', '2e75cf1fca3c081fb6cce837e26dab3accff11cf', 1, 'Nichole', 'Altenwerth', '1971-04-06', 'maggie41@example.net');
INSERT INTO `user` (`ID`, `username`, `password`, `status`, `name`, `surname`, `registration_date`, `email`) VALUES (54, 'dmraz', '341ee75cdae6d0f43ab7a73a1404398d4f7039bd', 0, 'Tressie', 'Steuber', '1972-07-30', 'gwhite@example.net');
INSERT INTO `user` (`ID`, `username`, `password`, `status`, `name`, `surname`, `registration_date`, `email`) VALUES (55, 'predovic.jules', '6c317df828e75ff48a1047aac62b69588d8bfe45', 0, 'Bria', 'Schumm', '2000-05-15', 'garret.breitenberg@example.org');
INSERT INTO `user` (`ID`, `username`, `password`, `status`, `name`, `surname`, `registration_date`, `email`) VALUES (56, 'adelia.rohan', 'b40e1b3a7cdcbec055a81a0de35184b4f77bfff4', 0, 'Eusebio', 'Ullrich', '2013-09-27', 'alan66@example.com');
INSERT INTO `user` (`ID`, `username`, `password`, `status`, `name`, `surname`, `registration_date`, `email`) VALUES (57, 'emerson19', '83f2d8777b31f9076000a99f6cd5d9e482c6842d', 1, 'Unique', 'Kunde', '2003-07-26', 'gdach@example.net');
INSERT INTO `user` (`ID`, `username`, `password`, `status`, `name`, `surname`, `registration_date`, `email`) VALUES (58, 'wolf.jesse', 'f06d1b1e5a0ff20e647090c85cb55d682afd4c6f', 1, 'Zander', 'Ratke', '2002-04-20', 'charlotte51@example.com');
INSERT INTO `user` (`ID`, `username`, `password`, `status`, `name`, `surname`, `registration_date`, `email`) VALUES (59, 'schowalter.una', '7f50c5177c23b7df00e572f385a997dc414d2aa5', 1, 'Maureen', 'Bailey', '1976-11-24', 'sean45@example.net');
INSERT INTO `user` (`ID`, `username`, `password`, `status`, `name`, `surname`, `registration_date`, `email`) VALUES (60, 'ugraham', 'd310ef97606d2b0a3b52a809dacf53f7ca1da48f', 0, 'Cedrick', 'Dare', '1981-11-15', 'christop21@example.com');




INSERT INTO `document` (`ID`, `title`) VALUES (70, 'a');
INSERT INTO `document` (`ID`, `title`) VALUES (42, 'accusamus');
INSERT INTO `document` (`ID`, `title`) VALUES (3, 'accusantium');
INSERT INTO `document` (`ID`, `title`) VALUES (20, 'adipisci');
INSERT INTO `document` (`ID`, `title`) VALUES (89, 'alias');
INSERT INTO `document` (`ID`, `title`) VALUES (92, 'amet');
INSERT INTO `document` (`ID`, `title`) VALUES (75, 'animi');
INSERT INTO `document` (`ID`, `title`) VALUES (2, 'aperiam');
INSERT INTO `document` (`ID`, `title`) VALUES (9, 'architecto');
INSERT INTO `document` (`ID`, `title`) VALUES (27, 'assumenda');
INSERT INTO `document` (`ID`, `title`) VALUES (100, 'at');
INSERT INTO `document` (`ID`, `title`) VALUES (54, 'autem');
INSERT INTO `document` (`ID`, `title`) VALUES (84, 'beatae');
INSERT INTO `document` (`ID`, `title`) VALUES (14, 'commodi');
INSERT INTO `document` (`ID`, `title`) VALUES (17, 'consectetur');
INSERT INTO `document` (`ID`, `title`) VALUES (7, 'consequatur');
INSERT INTO `document` (`ID`, `title`) VALUES (50, 'corporis');
INSERT INTO `document` (`ID`, `title`) VALUES (61, 'culpa');
INSERT INTO `document` (`ID`, `title`) VALUES (25, 'cumque');
INSERT INTO `document` (`ID`, `title`) VALUES (93, 'cupiditate');
INSERT INTO `document` (`ID`, `title`) VALUES (49, 'delectus');
INSERT INTO `document` (`ID`, `title`) VALUES (81, 'deleniti');
INSERT INTO `document` (`ID`, `title`) VALUES (43, 'dignissimos');
INSERT INTO `document` (`ID`, `title`) VALUES (18, 'distinctio');
INSERT INTO `document` (`ID`, `title`) VALUES (78, 'dolor');
INSERT INTO `document` (`ID`, `title`) VALUES (55, 'dolore');
INSERT INTO `document` (`ID`, `title`) VALUES (21, 'dolorem');
INSERT INTO `document` (`ID`, `title`) VALUES (68, 'dolores');
INSERT INTO `document` (`ID`, `title`) VALUES (30, 'doloribus');
INSERT INTO `document` (`ID`, `title`) VALUES (82, 'dolorum');
INSERT INTO `document` (`ID`, `title`) VALUES (39, 'ducimus');
INSERT INTO `document` (`ID`, `title`) VALUES (29, 'ea');
INSERT INTO `document` (`ID`, `title`) VALUES (23, 'earum');
INSERT INTO `document` (`ID`, `title`) VALUES (6, 'eligendi');
INSERT INTO `document` (`ID`, `title`) VALUES (96, 'enim');
INSERT INTO `document` (`ID`, `title`) VALUES (99, 'eos');
INSERT INTO `document` (`ID`, `title`) VALUES (64, 'error');
INSERT INTO `document` (`ID`, `title`) VALUES (5, 'est');
INSERT INTO `document` (`ID`, `title`) VALUES (1, 'et');
INSERT INTO `document` (`ID`, `title`) VALUES (79, 'excepturi');
INSERT INTO `document` (`ID`, `title`) VALUES (62, 'exercitationem');
INSERT INTO `document` (`ID`, `title`) VALUES (12, 'explicabo');
INSERT INTO `document` (`ID`, `title`) VALUES (8, 'facilis');
INSERT INTO `document` (`ID`, `title`) VALUES (52, 'fuga');
INSERT INTO `document` (`ID`, `title`) VALUES (44, 'harum');
INSERT INTO `document` (`ID`, `title`) VALUES (28, 'id');
INSERT INTO `document` (`ID`, `title`) VALUES (72, 'illo');
INSERT INTO `document` (`ID`, `title`) VALUES (86, 'in');
INSERT INTO `document` (`ID`, `title`) VALUES (85, 'inventore');
INSERT INTO `document` (`ID`, `title`) VALUES (76, 'ipsam');
INSERT INTO `document` (`ID`, `title`) VALUES (80, 'ipsum');
INSERT INTO `document` (`ID`, `title`) VALUES (88, 'magni');
INSERT INTO `document` (`ID`, `title`) VALUES (40, 'minima');
INSERT INTO `document` (`ID`, `title`) VALUES (16, 'modi');
INSERT INTO `document` (`ID`, `title`) VALUES (53, 'molestiae');
INSERT INTO `document` (`ID`, `title`) VALUES (51, 'molestias');
INSERT INTO `document` (`ID`, `title`) VALUES (41, 'nam');
INSERT INTO `document` (`ID`, `title`) VALUES (48, 'nihil');
INSERT INTO `document` (`ID`, `title`) VALUES (94, 'nobis');
INSERT INTO `document` (`ID`, `title`) VALUES (60, 'non');
INSERT INTO `document` (`ID`, `title`) VALUES (13, 'nostrum');
INSERT INTO `document` (`ID`, `title`) VALUES (58, 'odio');
INSERT INTO `document` (`ID`, `title`) VALUES (24, 'officia');
INSERT INTO `document` (`ID`, `title`) VALUES (69, 'officiis');
INSERT INTO `document` (`ID`, `title`) VALUES (83, 'omnis');
INSERT INTO `document` (`ID`, `title`) VALUES (47, 'pariatur');
INSERT INTO `document` (`ID`, `title`) VALUES (10, 'perferendis');
INSERT INTO `document` (`ID`, `title`) VALUES (45, 'placeat');
INSERT INTO `document` (`ID`, `title`) VALUES (90, 'porro');
INSERT INTO `document` (`ID`, `title`) VALUES (91, 'possimus');
INSERT INTO `document` (`ID`, `title`) VALUES (77, 'provident');
INSERT INTO `document` (`ID`, `title`) VALUES (33, 'quam');
INSERT INTO `document` (`ID`, `title`) VALUES (98, 'qui');
INSERT INTO `document` (`ID`, `title`) VALUES (36, 'quia');
INSERT INTO `document` (`ID`, `title`) VALUES (56, 'quibusdam');
INSERT INTO `document` (`ID`, `title`) VALUES (22, 'quidem');
INSERT INTO `document` (`ID`, `title`) VALUES (19, 'quisquam');
INSERT INTO `document` (`ID`, `title`) VALUES (11, 'quo');
INSERT INTO `document` (`ID`, `title`) VALUES (73, 'quod');
INSERT INTO `document` (`ID`, `title`) VALUES (95, 'quos');
INSERT INTO `document` (`ID`, `title`) VALUES (66, 'recusandae');
INSERT INTO `document` (`ID`, `title`) VALUES (67, 'repellendus');
INSERT INTO `document` (`ID`, `title`) VALUES (65, 'repudiandae');
INSERT INTO `document` (`ID`, `title`) VALUES (71, 'rerum');
INSERT INTO `document` (`ID`, `title`) VALUES (63, 'saepe');
INSERT INTO `document` (`ID`, `title`) VALUES (97, 'sequi');
INSERT INTO `document` (`ID`, `title`) VALUES (26, 'similique');
INSERT INTO `document` (`ID`, `title`) VALUES (59, 'sint');
INSERT INTO `document` (`ID`, `title`) VALUES (4, 'sit');
INSERT INTO `document` (`ID`, `title`) VALUES (46, 'soluta');
INSERT INTO `document` (`ID`, `title`) VALUES (31, 'sunt');
INSERT INTO `document` (`ID`, `title`) VALUES (87, 'tempora');
INSERT INTO `document` (`ID`, `title`) VALUES (32, 'ullam');
INSERT INTO `document` (`ID`, `title`) VALUES (74, 'unde');
INSERT INTO `document` (`ID`, `title`) VALUES (37, 'ut');
INSERT INTO `document` (`ID`, `title`) VALUES (57, 'vel');
INSERT INTO `document` (`ID`, `title`) VALUES (15, 'veniam');
INSERT INTO `document` (`ID`, `title`) VALUES (34, 'vitae');
INSERT INTO `document` (`ID`, `title`) VALUES (35, 'voluptas');
INSERT INTO `document` (`ID`, `title`) VALUES (38, 'voluptatem');


INSERT INTO `document_collection` (`ID`, `name`) VALUES (5, 'consequuntur');
INSERT INTO `document_collection` (`ID`, `name`) VALUES (1, 'eius');
INSERT INTO `document_collection` (`ID`, `name`) VALUES (2, 'inventore');
INSERT INTO `document_collection` (`ID`, `name`) VALUES (4, 'repellat');
INSERT INTO `document_collection` (`ID`, `name`) VALUES (3, 'voluptatum');


INSERT INTO `document_metadata` (`ID`, `author`, `description`, `composition_date`, `composition_period_from`, `composition_period_to`, `preservation_state`, `ID_document`) VALUES (101, 'Miss Liza Wuckert DDS', 'Eius ipsa et et. Nesciunt repudiandae doloremque labore et quidem. Aliquid velit deleniti ut labore blanditiis reiciendis voluptatem voluptatem. Qui tempora consequatur et mollitia aut iste officiis.', '1975-01-02', '1942-04-03', '2010-11-30', '5', 54);
INSERT INTO `document_metadata` (`ID`, `author`, `description`, `composition_date`, `composition_period_from`, `composition_period_to`, `preservation_state`, `ID_document`) VALUES (102, 'Deron Yost', 'Voluptas pariatur dicta consectetur similique nihil. Et maxime et ipsa repudiandae. Enim porro ex ducimus quibusdam.', '1972-03-02', '1988-08-07', '1984-11-11', '5', 44);
INSERT INTO `document_metadata` (`ID`, `author`, `description`, `composition_date`, `composition_period_from`, `composition_period_to`, `preservation_state`, `ID_document`) VALUES (103, 'Miss Eveline Bauch III', 'Illo nulla consectetur aut. Ut dolorem ea qui enim. Quisquam et tempore tempora quasi nobis sed. Eaque sunt facere quaerat unde est libero.', '2017-02-25', '2018-05-16', '1924-06-10', '5', 55);
INSERT INTO `document_metadata` (`ID`, `author`, `description`, `composition_date`, `composition_period_from`, `composition_period_to`, `preservation_state`, `ID_document`) VALUES (104, 'Alexandro Jacobson', 'Ipsam cum cumque et ea aut enim totam repudiandae. Nihil nisi temporibus accusamus reiciendis amet. Consequatur mollitia officiis repudiandae animi praesentium totam officiis.', '1979-01-09', '1998-02-14', '1924-03-15', '4', 50);
INSERT INTO `document_metadata` (`ID`, `author`, `description`, `composition_date`, `composition_period_from`, `composition_period_to`, `preservation_state`, `ID_document`) VALUES (105, 'Nathen Bode', 'Omnis ut et inventore vel sit aspernatur dolor. Ut adipisci voluptas ut nihil. Est eos et recusandae modi sunt reprehenderit laborum.', '1996-03-16', '1938-04-28', '1956-05-20', '4', 33);
INSERT INTO `document_metadata` (`ID`, `author`, `description`, `composition_date`, `composition_period_from`, `composition_period_to`, `preservation_state`, `ID_document`) VALUES (106, 'Manuela Lehner', 'Qui praesentium a velit accusantium aut repudiandae ducimus. Qui qui quia quam ut.', '1973-10-20', '1975-02-04', '1933-06-19', '2', 52);
INSERT INTO `document_metadata` (`ID`, `author`, `description`, `composition_date`, `composition_period_from`, `composition_period_to`, `preservation_state`, `ID_document`) VALUES (108, 'Elliot Baumbach', 'Maiores architecto molestiae reiciendis eos molestiae dolor. Sed est doloribus ut veritatis distinctio omnis voluptate. Rerum est vel sapiente vitae voluptates aut assumenda.', '1977-01-06', '1981-03-16', '2016-01-28', '3', 48);
INSERT INTO `document_metadata` (`ID`, `author`, `description`, `composition_date`, `composition_period_from`, `composition_period_to`, `preservation_state`, `ID_document`) VALUES (109, 'Savanah Auer', 'Aut sapiente alias occaecati qui beatae. Maiores molestias eius sit maxime ab iure maiores. Sequi ab iure laboriosam numquam quod omnis aspernatur enim. Qui animi totam reiciendis sapiente nihil quo.', '1971-01-02', '1953-08-18', '1919-05-20', '3', 74);
INSERT INTO `document_metadata` (`ID`, `author`, `description`, `composition_date`, `composition_period_from`, `composition_period_to`, `preservation_state`, `ID_document`) VALUES (110, 'Rex Leuschke', 'Totam qui deserunt quae nihil labore rerum laudantium. Perspiciatis excepturi excepturi qui qui occaecati enim eos vel. Illum vel praesentium quia doloremque totam.', '1978-07-21', '1921-02-20', '1921-08-02', '1', 78);
INSERT INTO `document_metadata` (`ID`, `author`, `description`, `composition_date`, `composition_period_from`, `composition_period_to`, `preservation_state`, `ID_document`) VALUES (111, 'Emory Ledner', 'Delectus quasi molestias ut officia aperiam accusamus est quo. Placeat iusto magnam porro nobis. Accusamus ut incidunt molestias in omnis facilis.', '2007-04-08', '1997-09-09', '1919-11-25', '2', 86);
INSERT INTO `document_metadata` (`ID`, `author`, `description`, `composition_date`, `composition_period_from`, `composition_period_to`, `preservation_state`, `ID_document`) VALUES (112, 'Eden Vandervort', 'Necessitatibus quidem temporibus perferendis sapiente. Tempora ut totam voluptatum et qui id corrupti. Et modi qui at voluptatibus praesentium. Tempora quo porro ex veniam earum consequatur. Praesentium eos quam consectetur molestiae at.', '1980-06-05', '1983-06-21', '1983-08-19', '5', 99);
INSERT INTO `document_metadata` (`ID`, `author`, `description`, `composition_date`, `composition_period_from`, `composition_period_to`, `preservation_state`, `ID_document`) VALUES (113, 'Miss Alexandrea Hettinger Sr.', 'Fugit quo aut nihil voluptas quos quia suscipit. Dolorem est voluptatibus qui qui eos consequatur.', '1978-09-10', '1959-12-23', '2004-03-06', '5', 35);
INSERT INTO `document_metadata` (`ID`, `author`, `description`, `composition_date`, `composition_period_from`, `composition_period_to`, `preservation_state`, `ID_document`) VALUES (114, 'Randi Lueilwitz', 'Excepturi fuga possimus totam possimus. Labore nostrum asperiores dolores deleniti iste omnis illo. Temporibus reprehenderit sint voluptatum optio et ullam. Qui praesentium maiores id sit natus.', '1978-03-18', '2015-02-21', '1961-06-10', '3', 47);
INSERT INTO `document_metadata` (`ID`, `author`, `description`, `composition_date`, `composition_period_from`, `composition_period_to`, `preservation_state`, `ID_document`) VALUES (115, 'Carissa Medhurst', 'Laudantium distinctio nostrum corrupti voluptatum nisi dolor dolore. Ut reiciendis omnis exercitationem assumenda ipsa. Nihil magni sed ea at aut. Itaque corrupti cumque et non.', '1996-10-11', '2006-06-07', '1949-11-29', '4', 96);
INSERT INTO `document_metadata` (`ID`, `author`, `description`, `composition_date`, `composition_period_from`, `composition_period_to`, `preservation_state`, `ID_document`) VALUES (117, 'Vincenza Lindgren III', 'Officia consequatur repellat consectetur. Eum soluta asperiores non voluptate dolor. Tenetur non doloremque repellat inventore et sed qui.', '1990-11-21', '1974-05-07', '1936-08-19', '5', 2);
INSERT INTO `document_metadata` (`ID`, `author`, `description`, `composition_date`, `composition_period_from`, `composition_period_to`, `preservation_state`, `ID_document`) VALUES (118, 'Brielle Schuster', 'Odio voluptas iste saepe. Nisi consequuntur suscipit ullam similique ipsum eos. Quis aliquid minus aspernatur quis ab. Numquam eum consequatur temporibus perspiciatis iusto.', '2001-08-02', '1998-12-12', '1925-07-03', '5', 61);
INSERT INTO `document_metadata` (`ID`, `author`, `description`, `composition_date`, `composition_period_from`, `composition_period_to`, `preservation_state`, `ID_document`) VALUES (119, 'Oscar Bradtke', 'Commodi quasi voluptatum autem necessitatibus ut dicta laudantium. Qui placeat nulla libero asperiores ex qui odit. Tempora enim eum reiciendis quas aperiam. Beatae aut ad qui aliquid est aliquam.', '1995-11-12', '1940-02-24', '1919-06-21', '1', 88);
INSERT INTO `document_metadata` (`ID`, `author`, `description`, `composition_date`, `composition_period_from`, `composition_period_to`, `preservation_state`, `ID_document`) VALUES (121, 'Emmet Cormier', 'Perferendis corporis enim at quo. Pariatur repellat nesciunt eum temporibus quis sed cumque. Neque fugiat voluptatem molestias corrupti et velit. Quae molestiae dignissimos dicta magnam dolorum.', '2011-11-10', '1976-11-10', '2014-03-12', '3', 66);
INSERT INTO `document_metadata` (`ID`, `author`, `description`, `composition_date`, `composition_period_from`, `composition_period_to`, `preservation_state`, `ID_document`) VALUES (122, 'Joana Borer', 'Qui consequatur sunt ex corrupti. Facere mollitia quibusdam iure tempora suscipit optio error. Ut et esse soluta quibusdam quis consequatur. Voluptas laboriosam quod ut dolore. Adipisci ipsa perferendis enim vero.', '2008-04-20', '1954-08-02', '1980-09-11', '4', 14);
INSERT INTO `document_metadata` (`ID`, `author`, `description`, `composition_date`, `composition_period_from`, `composition_period_to`, `preservation_state`, `ID_document`) VALUES (123, 'Prof. Emmitt Frami DVM', 'Voluptatem nihil quod rem minima ea. Soluta dolores et fugiat culpa. Nemo voluptatem expedita et voluptate tempore. Atque in aliquam nihil.', '2018-04-20', '1952-06-23', '2006-03-27', '3', 98);
INSERT INTO `document_metadata` (`ID`, `author`, `description`, `composition_date`, `composition_period_from`, `composition_period_to`, `preservation_state`, `ID_document`) VALUES (124, 'Ardella Smith', 'Voluptatem qui hic ipsa amet. At natus ut culpa eaque qui consequuntur. Nisi sunt debitis ea recusandae et laudantium enim rerum. Labore corporis sequi qui.', '1972-04-12', '1976-06-26', '1978-09-21', '2', 25);
INSERT INTO `document_metadata` (`ID`, `author`, `description`, `composition_date`, `composition_period_from`, `composition_period_to`, `preservation_state`, `ID_document`) VALUES (125, 'Prof. Christ Hills', 'Consequuntur molestias et commodi enim. Itaque id nobis cupiditate voluptas. Voluptas vitae et sapiente laudantium perferendis dolore expedita et.', '1982-11-10', '1929-05-19', '1934-04-20', '4', 65);
INSERT INTO `document_metadata` (`ID`, `author`, `description`, `composition_date`, `composition_period_from`, `composition_period_to`, `preservation_state`, `ID_document`) VALUES (126, 'Prof. Collin Oberbrunner', 'Ut quia dolor fugiat nemo atque illo rem. Dolorem cumque necessitatibus sunt.', '1982-03-27', '1984-08-21', '1934-09-16', '4', 36);
INSERT INTO `document_metadata` (`ID`, `author`, `description`, `composition_date`, `composition_period_from`, `composition_period_to`, `preservation_state`, `ID_document`) VALUES (127, 'Merl Ryan II', 'Labore itaque nulla eligendi praesentium quaerat. Expedita quam explicabo ratione optio quae similique quia. Ratione voluptatem consequuntur ipsam ut. Quis quos natus consequatur sint quibusdam est aliquid. Voluptate eveniet voluptas quo veniam et et qui.', '1978-09-20', '1934-09-17', '1949-09-16', '2', 79);
INSERT INTO `document_metadata` (`ID`, `author`, `description`, `composition_date`, `composition_period_from`, `composition_period_to`, `preservation_state`, `ID_document`) VALUES (128, 'Lulu Stanton I', 'Ducimus laboriosam dignissimos vel dolorum totam nisi ab assumenda. Quasi quo illum esse asperiores eveniet. Fuga et asperiores repudiandae et voluptatem voluptas porro omnis.', '2000-10-08', '1924-06-09', '1940-03-05', '3', 87);
INSERT INTO `document_metadata` (`ID`, `author`, `description`, `composition_date`, `composition_period_from`, `composition_period_to`, `preservation_state`, `ID_document`) VALUES (129, 'Elias Daugherty', 'Labore aut maxime quia praesentium. Odio officia libero corporis eaque blanditiis nam. Qui dicta nisi inventore odit quis nihil minus. A et voluptas laudantium recusandae unde. Unde id ullam ut et.', '2016-04-09', '1997-04-09', '2017-06-29', '4', 85);
INSERT INTO `document_metadata` (`ID`, `author`, `description`, `composition_date`, `composition_period_from`, `composition_period_to`, `preservation_state`, `ID_document`) VALUES (130, 'Verdie Little', 'Error labore velit ab itaque labore rerum aut. Deleniti eaque quas voluptas commodi quae ut. Et corporis aperiam fugiat nulla aut magnam iste.', '2001-05-19', '1977-02-28', '2008-05-07', '4', 18);
INSERT INTO `document_metadata` (`ID`, `author`, `description`, `composition_date`, `composition_period_from`, `composition_period_to`, `preservation_state`, `ID_document`) VALUES (132, 'Addison Adams', 'Rem itaque a rerum autem. Vel odio et porro eligendi aliquid ut. Aut quaerat id voluptas aut fuga aut non enim. Aliquid enim eum optio non.', '2003-01-18', '1964-06-12', '1984-11-11', '1', 38);
INSERT INTO `document_metadata` (`ID`, `author`, `description`, `composition_date`, `composition_period_from`, `composition_period_to`, `preservation_state`, `ID_document`) VALUES (136, 'Ms. Kali Goodwin DVM', 'Occaecati nam et nemo. Iste aut dolores sed omnis illo qui ex. Necessitatibus qui et voluptas sit voluptate et quia. Libero magnam rerum rerum qui quisquam voluptatibus. Voluptas qui non qui.', '1977-02-13', '1953-02-18', '1959-12-25', '5', 93);
INSERT INTO `document_metadata` (`ID`, `author`, `description`, `composition_date`, `composition_period_from`, `composition_period_to`, `preservation_state`, `ID_document`) VALUES (137, 'Wanda Graham', 'Id officiis aut sed voluptates aut eos. Tenetur officiis dicta dolore odio provident dolorum incidunt similique. Tempora mollitia dignissimos rerum qui. Velit eos earum quia totam consequatur sequi.', '1989-02-09', '1985-02-08', '1935-10-14', '4', 53);
INSERT INTO `document_metadata` (`ID`, `author`, `description`, `composition_date`, `composition_period_from`, `composition_period_to`, `preservation_state`, `ID_document`) VALUES (138, 'Peyton Goodwin', 'Voluptatem quos laboriosam laboriosam quidem ipsum. Sit et omnis quidem doloribus sed. Officiis odit dolorem rerum rem voluptatem et eos.', '1986-04-18', '1924-03-15', '1994-06-04', '3', 41);
INSERT INTO `document_metadata` (`ID`, `author`, `description`, `composition_date`, `composition_period_from`, `composition_period_to`, `preservation_state`, `ID_document`) VALUES (140, 'Verner Dibbert', 'Qui maiores voluptatem ea numquam est aut. Non corrupti perferendis debitis laboriosam ipsam dolores voluptatem. Recusandae suscipit non voluptatibus fuga quo sint. Quia expedita optio aut quia.', '1995-01-03', '2006-08-09', '1921-01-23', '2', 27);
INSERT INTO `document_metadata` (`ID`, `author`, `description`, `composition_date`, `composition_period_from`, `composition_period_to`, `preservation_state`, `ID_document`) VALUES (142, 'Shanel Effertz', 'Veritatis voluptatem unde ea et quia sapiente adipisci. Inventore sunt placeat eius ipsam ad hic. Numquam est in excepturi eveniet voluptas et.', '1984-07-21', '1919-08-07', '2005-04-05', '3', 26);
INSERT INTO `document_metadata` (`ID`, `author`, `description`, `composition_date`, `composition_period_from`, `composition_period_to`, `preservation_state`, `ID_document`) VALUES (145, 'Dianna Rempel', 'Dicta corporis magni tempore soluta ipsa aperiam. Dolor corporis nesciunt maxime facilis aut est. Vel ut ut et.', '2011-03-29', '1919-05-23', '1930-09-17', '5', 72);
INSERT INTO `document_metadata` (`ID`, `author`, `description`, `composition_date`, `composition_period_from`, `composition_period_to`, `preservation_state`, `ID_document`) VALUES (146, 'Mrs. Lilyan Tillman DVM', 'Aliquid iusto inventore in a distinctio et. Ut animi praesentium consequuntur eligendi voluptatem nostrum. Consequatur sint accusantium quos est dignissimos hic.', '1970-08-26', '2007-05-03', '2004-04-15', '3', 21);
INSERT INTO `document_metadata` (`ID`, `author`, `description`, `composition_date`, `composition_period_from`, `composition_period_to`, `preservation_state`, `ID_document`) VALUES (148, 'Ms. Leonor Kovacek', 'Velit esse perferendis molestiae molestiae. Impedit enim molestiae labore laudantium ut quia dolores veritatis. Sint repellendus sit similique.', '2006-06-03', '2009-04-19', '1933-07-22', '4', 73);
INSERT INTO `document_metadata` (`ID`, `author`, `description`, `composition_date`, `composition_period_from`, `composition_period_to`, `preservation_state`, `ID_document`) VALUES (149, 'Shanon Leuschke', 'Expedita est sapiente sapiente cupiditate in. Odio quae dolorum qui enim minus ducimus facilis. Sequi at sint consequatur tempore nobis ipsam sit dolorem. Saepe sed nemo dolorum et eius temporibus rerum.', '1978-07-10', '2016-12-30', '1964-06-02', '2', 82);
INSERT INTO `document_metadata` (`ID`, `author`, `description`, `composition_date`, `composition_period_from`, `composition_period_to`, `preservation_state`, `ID_document`) VALUES (150, 'Lemuel Lindgren', 'Doloremque amet qui dolorem libero dignissimos. A aut ipsum veritatis dicta. Nihil est dolor itaque velit cum nostrum molestias. Nisi tempora ullam quidem quisquam odio.', '1972-10-14', '1922-07-23', '2008-07-18', '4', 83);
INSERT INTO `document_metadata` (`ID`, `author`, `description`, `composition_date`, `composition_period_from`, `composition_period_to`, `preservation_state`, `ID_document`) VALUES (154, 'Prof. Pearl Adams DVM', 'Quia reiciendis tempore dolore nihil officiis eaque. Est rerum esse in molestiae. Et eaque esse ipsam quo voluptas. Illum qui nobis omnis quas et quia.', '1985-10-03', '1993-09-03', '1931-11-21', '4', 70);
INSERT INTO `document_metadata` (`ID`, `author`, `description`, `composition_date`, `composition_period_from`, `composition_period_to`, `preservation_state`, `ID_document`) VALUES (156, 'Brigitte Gerhold III', 'Placeat unde libero blanditiis. Fugiat delectus quibusdam esse ex architecto quo. Et omnis omnis vel et quia.', '2013-09-15', '1959-09-25', '1937-07-24', '5', 60);
INSERT INTO `document_metadata` (`ID`, `author`, `description`, `composition_date`, `composition_period_from`, `composition_period_to`, `preservation_state`, `ID_document`) VALUES (157, 'Bridie Franecki II', 'Et facere in et molestias autem modi. Natus molestiae cupiditate autem est quia. Quos et facilis est amet consequatur aut possimus.', '1996-10-29', '1934-11-01', '1923-09-11', '2', 5);
INSERT INTO `document_metadata` (`ID`, `author`, `description`, `composition_date`, `composition_period_from`, `composition_period_to`, `preservation_state`, `ID_document`) VALUES (160, 'Prof. Carlee Pollich Jr.', 'Enim nesciunt laboriosam aut ratione perferendis natus. Voluptatem rerum soluta est placeat et cumque. Velit est repudiandae optio rem ut.', '1971-11-12', '1958-08-25', '1926-04-10', '3', 89);
INSERT INTO `document_metadata` (`ID`, `author`, `description`, `composition_date`, `composition_period_from`, `composition_period_to`, `preservation_state`, `ID_document`) VALUES (161, 'Lupe VonRueden II', 'Distinctio ex fugit et. Ut fugit fuga iure consequatur ut. Voluptatibus harum commodi laboriosam possimus.', '1996-01-08', '1990-01-02', '1971-12-09', '2', 67);
INSERT INTO `document_metadata` (`ID`, `author`, `description`, `composition_date`, `composition_period_from`, `composition_period_to`, `preservation_state`, `ID_document`) VALUES (162, 'Mrs. Britney Thompson DDS', 'Consequatur neque ab in facere accusamus. Cumque quia aut dolorem. Sed minus voluptas velit consequatur reiciendis quod aliquid.', '1984-03-07', '1968-12-17', '2002-05-24', '3', 94);
INSERT INTO `document_metadata` (`ID`, `author`, `description`, `composition_date`, `composition_period_from`, `composition_period_to`, `preservation_state`, `ID_document`) VALUES (164, 'Cristian Abshire', 'Quidem voluptates itaque velit rem. Animi non atque rerum autem.', '2017-03-25', '1921-09-17', '1991-07-03', '3', 28);
INSERT INTO `document_metadata` (`ID`, `author`, `description`, `composition_date`, `composition_period_from`, `composition_period_to`, `preservation_state`, `ID_document`) VALUES (166, 'Nikko Jaskolski III', 'Veritatis omnis illo nemo sunt provident molestiae libero. Similique harum accusamus quia ut est magni sint. Corrupti sed corporis aut aliquam non qui.', '2017-02-07', '1939-10-15', '1967-04-05', '4', 13);
INSERT INTO `document_metadata` (`ID`, `author`, `description`, `composition_date`, `composition_period_from`, `composition_period_to`, `preservation_state`, `ID_document`) VALUES (167, 'Ethyl Dickens', 'Quia qui dolorem molestiae ducimus. Aut adipisci voluptas aspernatur illo praesentium incidunt. Est veritatis sit officiis tempora excepturi est quibusdam.', '2017-06-07', '1939-02-28', '1997-03-31', '5', 20);
INSERT INTO `document_metadata` (`ID`, `author`, `description`, `composition_date`, `composition_period_from`, `composition_period_to`, `preservation_state`, `ID_document`) VALUES (175, 'Merlin Durgan V', 'Quis libero minus maiores quae repellat. Nihil enim quaerat et perferendis delectus. Esse enim quis qui harum quidem. Fugit voluptatibus ex aspernatur aliquid assumenda minima.', '1986-08-10', '1932-11-26', '1976-04-24', '3', 24);
INSERT INTO `document_metadata` (`ID`, `author`, `description`, `composition_date`, `composition_period_from`, `composition_period_to`, `preservation_state`, `ID_document`) VALUES (176, 'Mr. Tito Conroy Sr.', 'Voluptatum tempora non aspernatur ducimus. Mollitia quis labore tempore consequatur quibusdam asperiores est. Id dolore ex quas suscipit fugit sint.', '1984-01-24', '2008-03-24', '2001-09-19', '2', 57);
INSERT INTO `document_metadata` (`ID`, `author`, `description`, `composition_date`, `composition_period_from`, `composition_period_to`, `preservation_state`, `ID_document`) VALUES (177, 'Mr. Sam Reilly', 'Laboriosam impedit atque ea excepturi. Ex illum eum qui ab blanditiis et et sed. Cum quam qui maiores non.', '2002-05-26', '1974-05-17', '1982-08-10', '4', 19);
INSERT INTO `document_metadata` (`ID`, `author`, `description`, `composition_date`, `composition_period_from`, `composition_period_to`, `preservation_state`, `ID_document`) VALUES (179, 'Mia Farrell', 'Nisi molestiae omnis dignissimos corrupti. Soluta impedit eligendi est dolorem veniam saepe sunt. Aliquam explicabo quos consequuntur mollitia et. Repellat occaecati odit quaerat ad magnam et.', '1998-07-16', '1965-07-26', '1944-12-14', '1', 30);
INSERT INTO `document_metadata` (`ID`, `author`, `description`, `composition_date`, `composition_period_from`, `composition_period_to`, `preservation_state`, `ID_document`) VALUES (180, 'Dr. Santino Bergstrom', 'Porro sed deserunt quia et rem pariatur repudiandae non. Nihil architecto velit quidem quis architecto non architecto saepe. Adipisci et voluptate optio fuga.', '1986-06-05', '1923-09-22', '1988-04-15', '2', 1);
INSERT INTO `document_metadata` (`ID`, `author`, `description`, `composition_date`, `composition_period_from`, `composition_period_to`, `preservation_state`, `ID_document`) VALUES (184, 'Theodore Prosacco DVM', 'Rerum est quis laborum consequatur asperiores. Consectetur architecto similique nihil ut distinctio. Est id repellendus facilis repellendus perspiciatis reiciendis. Molestiae est nostrum itaque itaque nesciunt consequuntur.', '1985-11-14', '2008-04-12', '2005-02-02', '1', 97);
INSERT INTO `document_metadata` (`ID`, `author`, `description`, `composition_date`, `composition_period_from`, `composition_period_to`, `preservation_state`, `ID_document`) VALUES (185, 'Darian Sanford Sr.', 'Minus ea a qui quisquam cumque. Recusandae possimus dolorem provident fuga assumenda reiciendis saepe. Et aperiam vero reiciendis dolor odio sed.', '1982-12-25', '1941-10-14', '2002-06-14', '1', 71);
INSERT INTO `document_metadata` (`ID`, `author`, `description`, `composition_date`, `composition_period_from`, `composition_period_to`, `preservation_state`, `ID_document`) VALUES (188, 'Eleazar Kuhic', 'Maxime minima mollitia et libero. Cumque harum dolores placeat quaerat exercitationem voluptate est quis. Est odio aperiam consequatur quis autem iste voluptatum.', '1981-12-16', '2015-03-12', '1977-10-20', '1', 75);
INSERT INTO `document_metadata` (`ID`, `author`, `description`, `composition_date`, `composition_period_from`, `composition_period_to`, `preservation_state`, `ID_document`) VALUES (189, 'Jena Hauck', 'Possimus id qui a quis ut perspiciatis. Corrupti repudiandae exercitationem error. Est voluptas qui qui rerum. Voluptatem tempora optio aliquid autem.', '1990-07-01', '2009-10-14', '1971-07-31', '3', 69);
INSERT INTO `document_metadata` (`ID`, `author`, `description`, `composition_date`, `composition_period_from`, `composition_period_to`, `preservation_state`, `ID_document`) VALUES (190, 'Judson Stark', 'Reprehenderit eligendi quod aut itaque est itaque. Quasi facilis quo quis corporis omnis eum repellat explicabo. Dolor neque pariatur voluptas beatae consequatur perferendis.', '2015-05-22', '1943-07-23', '1993-04-01', '1', 3);
INSERT INTO `document_metadata` (`ID`, `author`, `description`, `composition_date`, `composition_period_from`, `composition_period_to`, `preservation_state`, `ID_document`) VALUES (191, 'Brayan Kovacek', 'Aliquam dicta ducimus ut dolorum vel eum. Qui explicabo quaerat vitae quia eligendi. Ab quae doloribus consectetur nobis at tenetur ad. Repudiandae voluptas nihil sapiente quo nihil ullam eum optio.', '2000-07-13', '1945-12-27', '1950-03-13', '1', 64);
INSERT INTO `document_metadata` (`ID`, `author`, `description`, `composition_date`, `composition_period_from`, `composition_period_to`, `preservation_state`, `ID_document`) VALUES (194, 'Josie Pagac', 'Rerum quibusdam atque et quas. Tenetur ex illum ipsa est consequatur ratione. Aut dolorem quia voluptates. Omnis natus earum similique voluptatem ad dolorem aspernatur.', '1980-12-08', '1981-01-15', '1950-04-24', '4', 90);
INSERT INTO `document_metadata` (`ID`, `author`, `description`, `composition_date`, `composition_period_from`, `composition_period_to`, `preservation_state`, `ID_document`) VALUES (195, 'Jerrold Frami I', 'Iste ea non similique sed. Similique sint nemo laborum ut rem rem quia. Dolores impedit libero modi consequuntur ut molestiae dolores. Et et deserunt iure.', '1979-11-18', '1935-07-16', '1967-10-28', '4', 63);
INSERT INTO `document_metadata` (`ID`, `author`, `description`, `composition_date`, `composition_period_from`, `composition_period_to`, `preservation_state`, `ID_document`) VALUES (196, 'Zion Abbott', 'Corporis in consequatur aut voluptas eveniet impedit quia. Aut iste et ut corporis. Magnam eos quis excepturi et nisi blanditiis. Cupiditate unde iure et officiis delectus non aut.', '1992-09-25', '2014-04-13', '1997-03-07', '1', 91);
INSERT INTO `document_metadata` (`ID`, `author`, `description`, `composition_date`, `composition_period_from`, `composition_period_to`, `preservation_state`, `ID_document`) VALUES (199, 'Gerson Hartmann', 'Nihil repellat nam qui tempora. Eligendi id tempore quae voluptatem. Nihil dolore ipsam sed corporis architecto veritatis. Nihil ut quidem est consequatur optio.', '1991-04-14', '2009-03-22', '2014-10-02', '5', 39);


INSERT INTO `document_of_collection` (`ID`, `ID_document_collection`, `ID_document`) VALUES (1, 2, 88);
INSERT INTO `document_of_collection` (`ID`, `ID_document_collection`, `ID_document`) VALUES (2, 2, 63);
INSERT INTO `document_of_collection` (`ID`, `ID_document_collection`, `ID_document`) VALUES (3, 4, 69);
INSERT INTO `document_of_collection` (`ID`, `ID_document_collection`, `ID_document`) VALUES (4, 3, 80);
INSERT INTO `document_of_collection` (`ID`, `ID_document_collection`, `ID_document`) VALUES (5, 5, 64);
INSERT INTO `document_of_collection` (`ID`, `ID_document_collection`, `ID_document`) VALUES (6, 2, 30);
INSERT INTO `document_of_collection` (`ID`, `ID_document_collection`, `ID_document`) VALUES (7, 4, 67);
INSERT INTO `document_of_collection` (`ID`, `ID_document_collection`, `ID_document`) VALUES (8, 5, 80);
INSERT INTO `document_of_collection` (`ID`, `ID_document_collection`, `ID_document`) VALUES (9, 1, 12);
INSERT INTO `document_of_collection` (`ID`, `ID_document_collection`, `ID_document`) VALUES (10, 1, 18);
INSERT INTO `document_of_collection` (`ID`, `ID_document_collection`, `ID_document`) VALUES (11, 5, 96);
INSERT INTO `document_of_collection` (`ID`, `ID_document_collection`, `ID_document`) VALUES (12, 2, 16);
INSERT INTO `document_of_collection` (`ID`, `ID_document_collection`, `ID_document`) VALUES (13, 1, 88);
INSERT INTO `document_of_collection` (`ID`, `ID_document_collection`, `ID_document`) VALUES (14, 5, 24);
INSERT INTO `document_of_collection` (`ID`, `ID_document_collection`, `ID_document`) VALUES (15, 4, 59);
INSERT INTO `document_of_collection` (`ID`, `ID_document_collection`, `ID_document`) VALUES (16, 1, 93);
INSERT INTO `document_of_collection` (`ID`, `ID_document_collection`, `ID_document`) VALUES (17, 3, 31);
INSERT INTO `document_of_collection` (`ID`, `ID_document_collection`, `ID_document`) VALUES (18, 3, 24);
INSERT INTO `document_of_collection` (`ID`, `ID_document_collection`, `ID_document`) VALUES (19, 5, 98);
INSERT INTO `document_of_collection` (`ID`, `ID_document_collection`, `ID_document`) VALUES (20, 1, 81);


INSERT INTO `perm_authorization` (`ID`, `ID_user`, `download`, `upload`, `editMetadata`, `reviewPage`, `modifyTranscription`, `requestTranscriptionTask`, `reviewTranscription`, `addNewProject`, `assignDigitalizationTask`, `assignTranscriptionTask`, `publishDocument`) VALUES (1, 52, 0, 1, 0, 0, 1, 0, 1, 1, 1, 1, 1);
INSERT INTO `perm_authorization` (`ID`, `ID_user`, `download`, `upload`, `editMetadata`, `reviewPage`, `modifyTranscription`, `requestTranscriptionTask`, `reviewTranscription`, `addNewProject`, `assignDigitalizationTask`, `assignTranscriptionTask`, `publishDocument`) VALUES (2, 39, 1, 0, 0, 0, 0, 0, 1, 1, 0, 1, 1);
INSERT INTO `perm_authorization` (`ID`, `ID_user`, `download`, `upload`, `editMetadata`, `reviewPage`, `modifyTranscription`, `requestTranscriptionTask`, `reviewTranscription`, `addNewProject`, `assignDigitalizationTask`, `assignTranscriptionTask`, `publishDocument`) VALUES (3, 24, 1, 1, 0, 1, 0, 0, 1, 1, 1, 1, 1);
INSERT INTO `perm_authorization` (`ID`, `ID_user`, `download`, `upload`, `editMetadata`, `reviewPage`, `modifyTranscription`, `requestTranscriptionTask`, `reviewTranscription`, `addNewProject`, `assignDigitalizationTask`, `assignTranscriptionTask`, `publishDocument`) VALUES (4, 42, 1, 1, 0, 0, 1, 0, 1, 0, 0, 0, 0);
INSERT INTO `perm_authorization` (`ID`, `ID_user`, `download`, `upload`, `editMetadata`, `reviewPage`, `modifyTranscription`, `requestTranscriptionTask`, `reviewTranscription`, `addNewProject`, `assignDigitalizationTask`, `assignTranscriptionTask`, `publishDocument`) VALUES (5, 25, 0, 0, 0, 1, 1, 1, 0, 0, 0, 0, 1);
INSERT INTO `perm_authorization` (`ID`, `ID_user`, `download`, `upload`, `editMetadata`, `reviewPage`, `modifyTranscription`, `requestTranscriptionTask`, `reviewTranscription`, `addNewProject`, `assignDigitalizationTask`, `assignTranscriptionTask`, `publishDocument`) VALUES (6, 12, 1, 0, 0, 0, 1, 0, 0, 1, 1, 1, 0);
INSERT INTO `perm_authorization` (`ID`, `ID_user`, `download`, `upload`, `editMetadata`, `reviewPage`, `modifyTranscription`, `requestTranscriptionTask`, `reviewTranscription`, `addNewProject`, `assignDigitalizationTask`, `assignTranscriptionTask`, `publishDocument`) VALUES (7, 18, 1, 0, 0, 1, 1, 1, 1, 1, 0, 0, 1);
INSERT INTO `perm_authorization` (`ID`, `ID_user`, `download`, `upload`, `editMetadata`, `reviewPage`, `modifyTranscription`, `requestTranscriptionTask`, `reviewTranscription`, `addNewProject`, `assignDigitalizationTask`, `assignTranscriptionTask`, `publishDocument`) VALUES (8, 11, 0, 1, 0, 0, 0, 1, 1, 0, 1, 1, 1);
INSERT INTO `perm_authorization` (`ID`, `ID_user`, `download`, `upload`, `editMetadata`, `reviewPage`, `modifyTranscription`, `requestTranscriptionTask`, `reviewTranscription`, `addNewProject`, `assignDigitalizationTask`, `assignTranscriptionTask`, `publishDocument`) VALUES (9, 21, 0, 1, 0, 1, 1, 0, 0, 1, 1, 0, 0);
INSERT INTO `perm_authorization` (`ID`, `ID_user`, `download`, `upload`, `editMetadata`, `reviewPage`, `modifyTranscription`, `requestTranscriptionTask`, `reviewTranscription`, `addNewProject`, `assignDigitalizationTask`, `assignTranscriptionTask`, `publishDocument`) VALUES (10, 6, 1, 0, 1, 1, 1, 1, 1, 1, 1, 1, 1);
INSERT INTO `perm_authorization` (`ID`, `ID_user`, `download`, `upload`, `editMetadata`, `reviewPage`, `modifyTranscription`, `requestTranscriptionTask`, `reviewTranscription`, `addNewProject`, `assignDigitalizationTask`, `assignTranscriptionTask`, `publishDocument`) VALUES (11, 22, 1, 0, 1, 0, 0, 0, 0, 1, 0, 0, 0);
INSERT INTO `perm_authorization` (`ID`, `ID_user`, `download`, `upload`, `editMetadata`, `reviewPage`, `modifyTranscription`, `requestTranscriptionTask`, `reviewTranscription`, `addNewProject`, `assignDigitalizationTask`, `assignTranscriptionTask`, `publishDocument`) VALUES (12, 32, 1, 0, 1, 0, 1, 0, 0, 0, 1, 0, 0);
INSERT INTO `perm_authorization` (`ID`, `ID_user`, `download`, `upload`, `editMetadata`, `reviewPage`, `modifyTranscription`, `requestTranscriptionTask`, `reviewTranscription`, `addNewProject`, `assignDigitalizationTask`, `assignTranscriptionTask`, `publishDocument`) VALUES (13, 3, 1, 0, 0, 0, 1, 1, 0, 1, 0, 0, 0);
INSERT INTO `perm_authorization` (`ID`, `ID_user`, `download`, `upload`, `editMetadata`, `reviewPage`, `modifyTranscription`, `requestTranscriptionTask`, `reviewTranscription`, `addNewProject`, `assignDigitalizationTask`, `assignTranscriptionTask`, `publishDocument`) VALUES (14, 50, 0, 1, 1, 0, 0, 0, 0, 1, 0, 1, 1);
INSERT INTO `perm_authorization` (`ID`, `ID_user`, `download`, `upload`, `editMetadata`, `reviewPage`, `modifyTranscription`, `requestTranscriptionTask`, `reviewTranscription`, `addNewProject`, `assignDigitalizationTask`, `assignTranscriptionTask`, `publishDocument`) VALUES (15, 34, 0, 0, 0, 0, 0, 1, 0, 0, 1, 1, 1);
INSERT INTO `perm_authorization` (`ID`, `ID_user`, `download`, `upload`, `editMetadata`, `reviewPage`, `modifyTranscription`, `requestTranscriptionTask`, `reviewTranscription`, `addNewProject`, `assignDigitalizationTask`, `assignTranscriptionTask`, `publishDocument`) VALUES (16, 42, 1, 1, 0, 1, 0, 0, 0, 1, 0, 1, 1);
INSERT INTO `perm_authorization` (`ID`, `ID_user`, `download`, `upload`, `editMetadata`, `reviewPage`, `modifyTranscription`, `requestTranscriptionTask`, `reviewTranscription`, `addNewProject`, `assignDigitalizationTask`, `assignTranscriptionTask`, `publishDocument`) VALUES (17, 9, 1, 1, 1, 0, 1, 1, 1, 0, 0, 0, 0);
INSERT INTO `perm_authorization` (`ID`, `ID_user`, `download`, `upload`, `editMetadata`, `reviewPage`, `modifyTranscription`, `requestTranscriptionTask`, `reviewTranscription`, `addNewProject`, `assignDigitalizationTask`, `assignTranscriptionTask`, `publishDocument`) VALUES (18, 1, 0, 0, 1, 0, 0, 0, 0, 1, 1, 1, 0);
INSERT INTO `perm_authorization` (`ID`, `ID_user`, `download`, `upload`, `editMetadata`, `reviewPage`, `modifyTranscription`, `requestTranscriptionTask`, `reviewTranscription`, `addNewProject`, `assignDigitalizationTask`, `assignTranscriptionTask`, `publishDocument`) VALUES (19, 47, 0, 1, 0, 1, 0, 1, 0, 1, 1, 1, 1);
INSERT INTO `perm_authorization` (`ID`, `ID_user`, `download`, `upload`, `editMetadata`, `reviewPage`, `modifyTranscription`, `requestTranscriptionTask`, `reviewTranscription`, `addNewProject`, `assignDigitalizationTask`, `assignTranscriptionTask`, `publishDocument`) VALUES (20, 13, 0, 1, 1, 1, 0, 0, 1, 0, 1, 0, 0);
INSERT INTO `perm_authorization` (`ID`, `ID_user`, `download`, `upload`, `editMetadata`, `reviewPage`, `modifyTranscription`, `requestTranscriptionTask`, `reviewTranscription`, `addNewProject`, `assignDigitalizationTask`, `assignTranscriptionTask`, `publishDocument`) VALUES (21, 40, 1, 1, 1, 1, 0, 1, 0, 0, 0, 1, 0);
INSERT INTO `perm_authorization` (`ID`, `ID_user`, `download`, `upload`, `editMetadata`, `reviewPage`, `modifyTranscription`, `requestTranscriptionTask`, `reviewTranscription`, `addNewProject`, `assignDigitalizationTask`, `assignTranscriptionTask`, `publishDocument`) VALUES (22, 16, 0, 0, 1, 1, 1, 0, 0, 1, 1, 1, 0);
INSERT INTO `perm_authorization` (`ID`, `ID_user`, `download`, `upload`, `editMetadata`, `reviewPage`, `modifyTranscription`, `requestTranscriptionTask`, `reviewTranscription`, `addNewProject`, `assignDigitalizationTask`, `assignTranscriptionTask`, `publishDocument`) VALUES (23, 52, 0, 1, 1, 0, 1, 1, 1, 0, 0, 1, 1);
INSERT INTO `perm_authorization` (`ID`, `ID_user`, `download`, `upload`, `editMetadata`, `reviewPage`, `modifyTranscription`, `requestTranscriptionTask`, `reviewTranscription`, `addNewProject`, `assignDigitalizationTask`, `assignTranscriptionTask`, `publishDocument`) VALUES (24, 26, 0, 0, 1, 0, 1, 1, 0, 0, 1, 0, 0);
INSERT INTO `perm_authorization` (`ID`, `ID_user`, `download`, `upload`, `editMetadata`, `reviewPage`, `modifyTranscription`, `requestTranscriptionTask`, `reviewTranscription`, `addNewProject`, `assignDigitalizationTask`, `assignTranscriptionTask`, `publishDocument`) VALUES (25, 17, 1, 0, 0, 1, 0, 0, 1, 1, 1, 0, 1);
INSERT INTO `perm_authorization` (`ID`, `ID_user`, `download`, `upload`, `editMetadata`, `reviewPage`, `modifyTranscription`, `requestTranscriptionTask`, `reviewTranscription`, `addNewProject`, `assignDigitalizationTask`, `assignTranscriptionTask`, `publishDocument`) VALUES (26, 42, 1, 0, 0, 1, 0, 1, 0, 1, 1, 1, 0);
INSERT INTO `perm_authorization` (`ID`, `ID_user`, `download`, `upload`, `editMetadata`, `reviewPage`, `modifyTranscription`, `requestTranscriptionTask`, `reviewTranscription`, `addNewProject`, `assignDigitalizationTask`, `assignTranscriptionTask`, `publishDocument`) VALUES (27, 25, 0, 1, 1, 1, 1, 0, 0, 0, 1, 1, 1);
INSERT INTO `perm_authorization` (`ID`, `ID_user`, `download`, `upload`, `editMetadata`, `reviewPage`, `modifyTranscription`, `requestTranscriptionTask`, `reviewTranscription`, `addNewProject`, `assignDigitalizationTask`, `assignTranscriptionTask`, `publishDocument`) VALUES (28, 46, 0, 0, 0, 0, 1, 1, 1, 1, 0, 1, 1);
INSERT INTO `perm_authorization` (`ID`, `ID_user`, `download`, `upload`, `editMetadata`, `reviewPage`, `modifyTranscription`, `requestTranscriptionTask`, `reviewTranscription`, `addNewProject`, `assignDigitalizationTask`, `assignTranscriptionTask`, `publishDocument`) VALUES (29, 53, 1, 1, 0, 0, 1, 0, 1, 1, 1, 0, 1);
INSERT INTO `perm_authorization` (`ID`, `ID_user`, `download`, `upload`, `editMetadata`, `reviewPage`, `modifyTranscription`, `requestTranscriptionTask`, `reviewTranscription`, `addNewProject`, `assignDigitalizationTask`, `assignTranscriptionTask`, `publishDocument`) VALUES (30, 36, 1, 0, 1, 1, 1, 0, 0, 0, 0, 0, 0);
INSERT INTO `perm_authorization` (`ID`, `ID_user`, `download`, `upload`, `editMetadata`, `reviewPage`, `modifyTranscription`, `requestTranscriptionTask`, `reviewTranscription`, `addNewProject`, `assignDigitalizationTask`, `assignTranscriptionTask`, `publishDocument`) VALUES (31, 33, 0, 1, 0, 1, 0, 0, 1, 1, 0, 0, 1);
INSERT INTO `perm_authorization` (`ID`, `ID_user`, `download`, `upload`, `editMetadata`, `reviewPage`, `modifyTranscription`, `requestTranscriptionTask`, `reviewTranscription`, `addNewProject`, `assignDigitalizationTask`, `assignTranscriptionTask`, `publishDocument`) VALUES (32, 1, 1, 1, 1, 1, 0, 1, 0, 0, 1, 1, 0);
INSERT INTO `perm_authorization` (`ID`, `ID_user`, `download`, `upload`, `editMetadata`, `reviewPage`, `modifyTranscription`, `requestTranscriptionTask`, `reviewTranscription`, `addNewProject`, `assignDigitalizationTask`, `assignTranscriptionTask`, `publishDocument`) VALUES (33, 26, 0, 1, 0, 1, 0, 1, 0, 0, 1, 0, 0);
INSERT INTO `perm_authorization` (`ID`, `ID_user`, `download`, `upload`, `editMetadata`, `reviewPage`, `modifyTranscription`, `requestTranscriptionTask`, `reviewTranscription`, `addNewProject`, `assignDigitalizationTask`, `assignTranscriptionTask`, `publishDocument`) VALUES (34, 10, 1, 1, 0, 0, 0, 1, 0, 0, 1, 1, 1);
INSERT INTO `perm_authorization` (`ID`, `ID_user`, `download`, `upload`, `editMetadata`, `reviewPage`, `modifyTranscription`, `requestTranscriptionTask`, `reviewTranscription`, `addNewProject`, `assignDigitalizationTask`, `assignTranscriptionTask`, `publishDocument`) VALUES (35, 35, 0, 1, 1, 1, 0, 1, 1, 0, 0, 1, 0);
INSERT INTO `perm_authorization` (`ID`, `ID_user`, `download`, `upload`, `editMetadata`, `reviewPage`, `modifyTranscription`, `requestTranscriptionTask`, `reviewTranscription`, `addNewProject`, `assignDigitalizationTask`, `assignTranscriptionTask`, `publishDocument`) VALUES (36, 11, 1, 1, 1, 0, 1, 1, 0, 1, 1, 1, 0);
INSERT INTO `perm_authorization` (`ID`, `ID_user`, `download`, `upload`, `editMetadata`, `reviewPage`, `modifyTranscription`, `requestTranscriptionTask`, `reviewTranscription`, `addNewProject`, `assignDigitalizationTask`, `assignTranscriptionTask`, `publishDocument`) VALUES (37, 15, 0, 0, 1, 1, 0, 0, 1, 1, 1, 1, 0);
INSERT INTO `perm_authorization` (`ID`, `ID_user`, `download`, `upload`, `editMetadata`, `reviewPage`, `modifyTranscription`, `requestTranscriptionTask`, `reviewTranscription`, `addNewProject`, `assignDigitalizationTask`, `assignTranscriptionTask`, `publishDocument`) VALUES (38, 38, 0, 0, 0, 1, 0, 0, 0, 1, 0, 1, 0);
INSERT INTO `perm_authorization` (`ID`, `ID_user`, `download`, `upload`, `editMetadata`, `reviewPage`, `modifyTranscription`, `requestTranscriptionTask`, `reviewTranscription`, `addNewProject`, `assignDigitalizationTask`, `assignTranscriptionTask`, `publishDocument`) VALUES (39, 6, 1, 0, 0, 1, 0, 1, 1, 0, 0, 1, 1);
INSERT INTO `perm_authorization` (`ID`, `ID_user`, `download`, `upload`, `editMetadata`, `reviewPage`, `modifyTranscription`, `requestTranscriptionTask`, `reviewTranscription`, `addNewProject`, `assignDigitalizationTask`, `assignTranscriptionTask`, `publishDocument`) VALUES (40, 15, 0, 1, 1, 1, 0, 1, 0, 1, 0, 1, 0);
INSERT INTO `perm_authorization` (`ID`, `ID_user`, `download`, `upload`, `editMetadata`, `reviewPage`, `modifyTranscription`, `requestTranscriptionTask`, `reviewTranscription`, `addNewProject`, `assignDigitalizationTask`, `assignTranscriptionTask`, `publishDocument`) VALUES (41, 28, 0, 0, 1, 0, 1, 1, 1, 1, 1, 0, 1);
INSERT INTO `perm_authorization` (`ID`, `ID_user`, `download`, `upload`, `editMetadata`, `reviewPage`, `modifyTranscription`, `requestTranscriptionTask`, `reviewTranscription`, `addNewProject`, `assignDigitalizationTask`, `assignTranscriptionTask`, `publishDocument`) VALUES (42, 43, 0, 0, 0, 1, 1, 0, 0, 1, 1, 0, 1);
INSERT INTO `perm_authorization` (`ID`, `ID_user`, `download`, `upload`, `editMetadata`, `reviewPage`, `modifyTranscription`, `requestTranscriptionTask`, `reviewTranscription`, `addNewProject`, `assignDigitalizationTask`, `assignTranscriptionTask`, `publishDocument`) VALUES (43, 54, 1, 1, 1, 1, 1, 0, 0, 1, 1, 0, 1);
INSERT INTO `perm_authorization` (`ID`, `ID_user`, `download`, `upload`, `editMetadata`, `reviewPage`, `modifyTranscription`, `requestTranscriptionTask`, `reviewTranscription`, `addNewProject`, `assignDigitalizationTask`, `assignTranscriptionTask`, `publishDocument`) VALUES (44, 20, 0, 0, 0, 0, 1, 0, 1, 1, 0, 1, 1);
INSERT INTO `perm_authorization` (`ID`, `ID_user`, `download`, `upload`, `editMetadata`, `reviewPage`, `modifyTranscription`, `requestTranscriptionTask`, `reviewTranscription`, `addNewProject`, `assignDigitalizationTask`, `assignTranscriptionTask`, `publishDocument`) VALUES (45, 29, 0, 1, 0, 0, 1, 0, 0, 1, 0, 0, 0);
INSERT INTO `perm_authorization` (`ID`, `ID_user`, `download`, `upload`, `editMetadata`, `reviewPage`, `modifyTranscription`, `requestTranscriptionTask`, `reviewTranscription`, `addNewProject`, `assignDigitalizationTask`, `assignTranscriptionTask`, `publishDocument`) VALUES (46, 13, 1, 1, 0, 0, 0, 0, 1, 0, 1, 1, 1);
INSERT INTO `perm_authorization` (`ID`, `ID_user`, `download`, `upload`, `editMetadata`, `reviewPage`, `modifyTranscription`, `requestTranscriptionTask`, `reviewTranscription`, `addNewProject`, `assignDigitalizationTask`, `assignTranscriptionTask`, `publishDocument`) VALUES (47, 17, 0, 0, 0, 0, 0, 1, 0, 0, 1, 0, 0);
INSERT INTO `perm_authorization` (`ID`, `ID_user`, `download`, `upload`, `editMetadata`, `reviewPage`, `modifyTranscription`, `requestTranscriptionTask`, `reviewTranscription`, `addNewProject`, `assignDigitalizationTask`, `assignTranscriptionTask`, `publishDocument`) VALUES (48, 34, 1, 0, 0, 1, 0, 1, 1, 1, 1, 1, 1);
INSERT INTO `perm_authorization` (`ID`, `ID_user`, `download`, `upload`, `editMetadata`, `reviewPage`, `modifyTranscription`, `requestTranscriptionTask`, `reviewTranscription`, `addNewProject`, `assignDigitalizationTask`, `assignTranscriptionTask`, `publishDocument`) VALUES (49, 47, 0, 1, 1, 0, 0, 1, 1, 0, 1, 1, 0);
INSERT INTO `perm_authorization` (`ID`, `ID_user`, `download`, `upload`, `editMetadata`, `reviewPage`, `modifyTranscription`, `requestTranscriptionTask`, `reviewTranscription`, `addNewProject`, `assignDigitalizationTask`, `assignTranscriptionTask`, `publishDocument`) VALUES (50, 19, 1, 0, 0, 1, 1, 0, 0, 1, 1, 0, 1);
INSERT INTO `perm_authorization` (`ID`, `ID_user`, `download`, `upload`, `editMetadata`, `reviewPage`, `modifyTranscription`, `requestTranscriptionTask`, `reviewTranscription`, `addNewProject`, `assignDigitalizationTask`, `assignTranscriptionTask`, `publishDocument`) VALUES (51, 35, 0, 0, 1, 1, 1, 1, 1, 0, 0, 1, 1);
INSERT INTO `perm_authorization` (`ID`, `ID_user`, `download`, `upload`, `editMetadata`, `reviewPage`, `modifyTranscription`, `requestTranscriptionTask`, `reviewTranscription`, `addNewProject`, `assignDigitalizationTask`, `assignTranscriptionTask`, `publishDocument`) VALUES (52, 26, 1, 0, 1, 0, 1, 1, 1, 1, 0, 1, 0);
INSERT INTO `perm_authorization` (`ID`, `ID_user`, `download`, `upload`, `editMetadata`, `reviewPage`, `modifyTranscription`, `requestTranscriptionTask`, `reviewTranscription`, `addNewProject`, `assignDigitalizationTask`, `assignTranscriptionTask`, `publishDocument`) VALUES (53, 36, 1, 1, 1, 1, 1, 0, 1, 1, 0, 0, 0);
INSERT INTO `perm_authorization` (`ID`, `ID_user`, `download`, `upload`, `editMetadata`, `reviewPage`, `modifyTranscription`, `requestTranscriptionTask`, `reviewTranscription`, `addNewProject`, `assignDigitalizationTask`, `assignTranscriptionTask`, `publishDocument`) VALUES (54, 8, 1, 1, 1, 1, 0, 1, 1, 0, 0, 0, 1);
INSERT INTO `perm_authorization` (`ID`, `ID_user`, `download`, `upload`, `editMetadata`, `reviewPage`, `modifyTranscription`, `requestTranscriptionTask`, `reviewTranscription`, `addNewProject`, `assignDigitalizationTask`, `assignTranscriptionTask`, `publishDocument`) VALUES (55, 20, 1, 0, 1, 0, 0, 0, 1, 1, 1, 1, 1);
INSERT INTO `perm_authorization` (`ID`, `ID_user`, `download`, `upload`, `editMetadata`, `reviewPage`, `modifyTranscription`, `requestTranscriptionTask`, `reviewTranscription`, `addNewProject`, `assignDigitalizationTask`, `assignTranscriptionTask`, `publishDocument`) VALUES (56, 40, 0, 0, 1, 0, 0, 0, 0, 0, 0, 1, 1);
INSERT INTO `perm_authorization` (`ID`, `ID_user`, `download`, `upload`, `editMetadata`, `reviewPage`, `modifyTranscription`, `requestTranscriptionTask`, `reviewTranscription`, `addNewProject`, `assignDigitalizationTask`, `assignTranscriptionTask`, `publishDocument`) VALUES (57, 5, 1, 1, 1, 1, 0, 1, 1, 0, 0, 1, 1);
INSERT INTO `perm_authorization` (`ID`, `ID_user`, `download`, `upload`, `editMetadata`, `reviewPage`, `modifyTranscription`, `requestTranscriptionTask`, `reviewTranscription`, `addNewProject`, `assignDigitalizationTask`, `assignTranscriptionTask`, `publishDocument`) VALUES (58, 40, 1, 1, 0, 1, 1, 1, 1, 0, 0, 0, 1);
INSERT INTO `perm_authorization` (`ID`, `ID_user`, `download`, `upload`, `editMetadata`, `reviewPage`, `modifyTranscription`, `requestTranscriptionTask`, `reviewTranscription`, `addNewProject`, `assignDigitalizationTask`, `assignTranscriptionTask`, `publishDocument`) VALUES (59, 26, 1, 0, 1, 0, 1, 0, 0, 1, 1, 0, 0);
INSERT INTO `perm_authorization` (`ID`, `ID_user`, `download`, `upload`, `editMetadata`, `reviewPage`, `modifyTranscription`, `requestTranscriptionTask`, `reviewTranscription`, `addNewProject`, `assignDigitalizationTask`, `assignTranscriptionTask`, `publishDocument`) VALUES (60, 16, 0, 1, 1, 0, 0, 0, 0, 1, 1, 1, 1);


INSERT INTO `personal_collection` (`ID`, `ID_user`, `ID_document`) VALUES (1, 35, 64);
INSERT INTO `personal_collection` (`ID`, `ID_user`, `ID_document`) VALUES (2, 20, 58);
INSERT INTO `personal_collection` (`ID`, `ID_user`, `ID_document`) VALUES (3, 13, 69);
INSERT INTO `personal_collection` (`ID`, `ID_user`, `ID_document`) VALUES (4, 31, 65);
INSERT INTO `personal_collection` (`ID`, `ID_user`, `ID_document`) VALUES (5, 22, 36);
INSERT INTO `personal_collection` (`ID`, `ID_user`, `ID_document`) VALUES (6, 43, 94);
INSERT INTO `personal_collection` (`ID`, `ID_user`, `ID_document`) VALUES (7, 32, 61);
INSERT INTO `personal_collection` (`ID`, `ID_user`, `ID_document`) VALUES (8, 4, 89);
INSERT INTO `personal_collection` (`ID`, `ID_user`, `ID_document`) VALUES (9, 4, 56);
INSERT INTO `personal_collection` (`ID`, `ID_user`, `ID_document`) VALUES (10, 8, 21);
INSERT INTO `personal_collection` (`ID`, `ID_user`, `ID_document`) VALUES (11, 48, 68);
INSERT INTO `personal_collection` (`ID`, `ID_user`, `ID_document`) VALUES (12, 37, 44);
INSERT INTO `personal_collection` (`ID`, `ID_user`, `ID_document`) VALUES (13, 4, 38);
INSERT INTO `personal_collection` (`ID`, `ID_user`, `ID_document`) VALUES (14, 30, 64);
INSERT INTO `personal_collection` (`ID`, `ID_user`, `ID_document`) VALUES (15, 11, 35);
INSERT INTO `personal_collection` (`ID`, `ID_user`, `ID_document`) VALUES (16, 20, 21);
INSERT INTO `personal_collection` (`ID`, `ID_user`, `ID_document`) VALUES (17, 15, 12);
INSERT INTO `personal_collection` (`ID`, `ID_user`, `ID_document`) VALUES (18, 50, 88);
INSERT INTO `personal_collection` (`ID`, `ID_user`, `ID_document`) VALUES (19, 9, 81);
INSERT INTO `personal_collection` (`ID`, `ID_user`, `ID_document`) VALUES (20, 44, 65);
INSERT INTO `personal_collection` (`ID`, `ID_user`, `ID_document`) VALUES (21, 16, 62);
INSERT INTO `personal_collection` (`ID`, `ID_user`, `ID_document`) VALUES (22, 35, 45);
INSERT INTO `personal_collection` (`ID`, `ID_user`, `ID_document`) VALUES (23, 36, 9);
INSERT INTO `personal_collection` (`ID`, `ID_user`, `ID_document`) VALUES (24, 45, 74);
INSERT INTO `personal_collection` (`ID`, `ID_user`, `ID_document`) VALUES (25, 18, 64);
INSERT INTO `personal_collection` (`ID`, `ID_user`, `ID_document`) VALUES (26, 10, 46);
INSERT INTO `personal_collection` (`ID`, `ID_user`, `ID_document`) VALUES (27, 8, 56);
INSERT INTO `personal_collection` (`ID`, `ID_user`, `ID_document`) VALUES (28, 40, 82);
INSERT INTO `personal_collection` (`ID`, `ID_user`, `ID_document`) VALUES (29, 2, 44);
INSERT INTO `personal_collection` (`ID`, `ID_user`, `ID_document`) VALUES (30, 7, 56);
INSERT INTO `personal_collection` (`ID`, `ID_user`, `ID_document`) VALUES (31, 50, 1);
INSERT INTO `personal_collection` (`ID`, `ID_user`, `ID_document`) VALUES (32, 24, 76);
INSERT INTO `personal_collection` (`ID`, `ID_user`, `ID_document`) VALUES (33, 3, 54);
INSERT INTO `personal_collection` (`ID`, `ID_user`, `ID_document`) VALUES (34, 11, 93);
INSERT INTO `personal_collection` (`ID`, `ID_user`, `ID_document`) VALUES (35, 25, 15);
INSERT INTO `personal_collection` (`ID`, `ID_user`, `ID_document`) VALUES (36, 35, 52);
INSERT INTO `personal_collection` (`ID`, `ID_user`, `ID_document`) VALUES (37, 50, 15);
INSERT INTO `personal_collection` (`ID`, `ID_user`, `ID_document`) VALUES (38, 58, 100);
INSERT INTO `personal_collection` (`ID`, `ID_user`, `ID_document`) VALUES (39, 6, 29);
INSERT INTO `personal_collection` (`ID`, `ID_user`, `ID_document`) VALUES (40, 52, 88);
INSERT INTO `personal_collection` (`ID`, `ID_user`, `ID_document`) VALUES (41, 13, 68);
INSERT INTO `personal_collection` (`ID`, `ID_user`, `ID_document`) VALUES (42, 45, 22);
INSERT INTO `personal_collection` (`ID`, `ID_user`, `ID_document`) VALUES (43, 36, 24);
INSERT INTO `personal_collection` (`ID`, `ID_user`, `ID_document`) VALUES (44, 31, 16);
INSERT INTO `personal_collection` (`ID`, `ID_user`, `ID_document`) VALUES (45, 17, 49);


INSERT INTO `request` (`ID`, `ID_user`, `ID_admin`, `object`, `message`, `answer_message`, `status`) VALUES (1, 32, NULL, 'Ea sit ex quisquam.', 'Tenetur esse et qui qui impedit rerum. Id odio aut dolor impedit voluptas atque dolorem. Veniam qui facilis laborum iure.', NULL, 0);
INSERT INTO `request` (`ID`, `ID_user`, `ID_admin`, `object`, `message`, `answer_message`, `status`) VALUES (2, 50, NULL, 'Accusamus quis quia eveniet.', 'Necessitatibus minima eius laboriosam ea cupiditate. Nam et iure commodi rerum sed quae earum aliquam. Animi non assumenda itaque. Quaerat quis quae qui.', NULL, 0);
INSERT INTO `request` (`ID`, `ID_user`, `ID_admin`, `object`, `message`, `answer_message`, `status`) VALUES (3, 55, NULL, 'Numquam non in qui aut.', 'Beatae reiciendis illo omnis eius expedita culpa. Non cum voluptas ducimus vero numquam. Atque voluptatem et ut nam ex eius.', NULL, 0);
INSERT INTO `request` (`ID`, `ID_user`, `ID_admin`, `object`, `message`, `answer_message`, `status`) VALUES (4, 30, NULL, 'At ad ipsum velit vel sit ut.', 'Eum in error dolor corporis sed. Et aspernatur ratione iure perspiciatis nobis. Rem commodi excepturi sint ad. Dolor excepturi nostrum inventore ut sint.', NULL, 0);
INSERT INTO `request` (`ID`, `ID_user`, `ID_admin`, `object`, `message`, `answer_message`, `status`) VALUES (5, 10, NULL, 'Deserunt vel et nihil nisi.', 'Quos enim et aut sunt qui libero. Aspernatur et quam ea officia eos ducimus debitis ut. Quis vel velit numquam et et qui.', NULL, 0);
INSERT INTO `request` (`ID`, `ID_user`, `ID_admin`, `object`, `message`, `answer_message`, `status`) VALUES (6, 24, NULL, 'In fugit animi non sed ut ea.', 'Itaque minima aliquid non. Nesciunt sit alias sed eaque porro quae unde qui. Autem perferendis rerum et nulla numquam. Neque laudantium expedita sapiente porro at eum.', NULL, 0);
INSERT INTO `request` (`ID`, `ID_user`, `ID_admin`, `object`, `message`, `answer_message`, `status`) VALUES (7, 18, NULL, 'Omnis quia aperiam est quo.', 'Consequatur doloribus minus excepturi architecto veritatis ab. Ut ad possimus tempora porro nemo possimus quia. Est aliquid fugit eligendi ut.', NULL, 0);
INSERT INTO `request` (`ID`, `ID_user`, `ID_admin`, `object`, `message`, `answer_message`, `status`) VALUES (8, 15, NULL, 'Omnis atque qui nisi.', 'Illo iusto deleniti omnis dolores fugiat nobis. Repellat voluptas exercitationem et nesciunt illo aut aliquam. Temporibus vero reprehenderit ad et.', NULL, 0);
INSERT INTO `request` (`ID`, `ID_user`, `ID_admin`, `object`, `message`, `answer_message`, `status`) VALUES (9, 15, NULL, 'Earum odit qui aut ratione.', 'Id et beatae explicabo qui non. Dolorum odio sunt est et. Qui illum natus et voluptas sunt consequatur voluptate voluptatem. Ea quia dolore est tempore.', NULL, 0);
INSERT INTO `request` (`ID`, `ID_user`, `ID_admin`, `object`, `message`, `answer_message`, `status`) VALUES (10, 59, NULL, 'Et et nemo voluptas odio.', 'Numquam blanditiis similique quia id omnis quod. Quasi qui voluptas quaerat delectus sit illo est. Officia aliquam quisquam enim aut eos aut earum nisi.', NULL, 0);
INSERT INTO `request` (`ID`, `ID_user`, `ID_admin`, `object`, `message`, `answer_message`, `status`) VALUES (11, 14, NULL, 'Ut iste recusandae sit quo.', 'Ut voluptas itaque animi quam perferendis qui. Qui eius repellat ducimus sequi. Molestias est quia delectus ipsum. Aut aliquam dolor sed aperiam nam quam eum.', NULL, 0);
INSERT INTO `request` (`ID`, `ID_user`, `ID_admin`, `object`, `message`, `answer_message`, `status`) VALUES (12, 20, NULL, 'Placeat sed laborum beatae.', 'Ut illo et mollitia excepturi. Beatae perspiciatis quia quis at. Sunt aliquid voluptas rerum cum.', NULL, 0);
INSERT INTO `request` (`ID`, `ID_user`, `ID_admin`, `object`, `message`, `answer_message`, `status`) VALUES (13, 41, NULL, 'Amet iusto veniam est.', 'Laudantium aut sit qui libero doloremque quibusdam voluptatibus. Harum libero sequi deleniti. Molestiae voluptatum nam cupiditate ducimus eaque ex assumenda.', NULL, 0);
INSERT INTO `request` (`ID`, `ID_user`, `ID_admin`, `object`, `message`, `answer_message`, `status`) VALUES (14, 6, NULL, 'In quos earum temporibus et.', 'Deserunt sapiente dolorum est molestiae. Sapiente optio distinctio qui sit dicta nostrum deserunt. Et est qui voluptas excepturi. Et tempore et non ut.', NULL, 0);
INSERT INTO `request` (`ID`, `ID_user`, `ID_admin`, `object`, `message`, `answer_message`, `status`) VALUES (15, 25, NULL, 'Et sed unde quo qui.', 'Quis maxime consequatur dicta dignissimos. Placeat est nam quae et. Quia corrupti repellat tenetur doloremque rem voluptate.', NULL, 0);
INSERT INTO `request` (`ID`, `ID_user`, `ID_admin`, `object`, `message`, `answer_message`, `status`) VALUES (16, 16, NULL, 'Quia quas est et ipsum.', 'Reiciendis odio deleniti pariatur praesentium facere nulla consequuntur. Error sit aut rem. Nobis sunt consequatur quia enim quidem.', NULL, 0);
INSERT INTO `request` (`ID`, `ID_user`, `ID_admin`, `object`, `message`, `answer_message`, `status`) VALUES (17, 16, NULL, 'Possimus labore ut expedita.', 'Molestias et omnis possimus enim nobis. Perspiciatis sunt eos soluta quia officiis recusandae ab.', NULL, 0);
INSERT INTO `request` (`ID`, `ID_user`, `ID_admin`, `object`, `message`, `answer_message`, `status`) VALUES (18, 2, NULL, 'Cumque quia sed adipisci.', 'Rerum autem odit aut porro. Quisquam mollitia culpa porro sint assumenda nesciunt doloribus. Aut quam quia iusto suscipit minima qui. Voluptate impedit magnam quibusdam harum.', NULL, 0);
INSERT INTO `request` (`ID`, `ID_user`, `ID_admin`, `object`, `message`, `answer_message`, `status`) VALUES (19, 56, NULL, 'Odio incidunt aut sit.', 'Nostrum voluptatem autem eaque quibusdam consequatur deserunt. Similique et impedit dignissimos minus et et laboriosam. Eveniet excepturi sit provident in ut voluptatem consequatur ut.', NULL, 0);
INSERT INTO `request` (`ID`, `ID_user`, `ID_admin`, `object`, `message`, `answer_message`, `status`) VALUES (20, 10, NULL, 'Ut dolores nihil numquam sed.', 'Sunt ullam aut consequatur fuga facere. Illo eos qui sit quas libero. Ea molestiae asperiores quia dolorum illo neque. Qui vel aut sed est doloribus rem.', NULL, 0);
INSERT INTO `request` (`ID`, `ID_user`, `ID_admin`, `object`, `message`, `answer_message`, `status`) VALUES (21, 44, NULL, 'Ut et in est qui autem dicta.', 'Sequi nam nostrum cumque doloribus dolorem eaque neque. Ut non iure eaque voluptas exercitationem voluptates. Eveniet reprehenderit quisquam officia nihil asperiores possimus in commodi. Suscipit unde delectus aut.', NULL, 0);
INSERT INTO `request` (`ID`, `ID_user`, `ID_admin`, `object`, `message`, `answer_message`, `status`) VALUES (22, 25, NULL, 'Aut exercitationem quia id.', 'Laudantium ipsa quasi amet necessitatibus consequatur sunt aut. Labore qui illo id dolores autem aut. Praesentium et quia ipsam eligendi corrupti aperiam omnis facere.', NULL, 0);
INSERT INTO `request` (`ID`, `ID_user`, `ID_admin`, `object`, `message`, `answer_message`, `status`) VALUES (23, 5, NULL, 'Porro minus vero qui et.', 'Sed accusamus et similique facilis. Eaque numquam a ipsam neque quisquam. Rerum incidunt omnis voluptatem consequatur eveniet ut. Distinctio laudantium minima magnam molestiae modi quam officia tempore. Odio sit consectetur velit quisquam esse blanditiis.', NULL, 0);
INSERT INTO `request` (`ID`, `ID_user`, `ID_admin`, `object`, `message`, `answer_message`, `status`) VALUES (24, 37, NULL, 'Deleniti qui unde et.', 'Architecto incidunt voluptate placeat at est illo odit. Similique molestiae velit distinctio voluptas perferendis a.', NULL, 0);
INSERT INTO `request` (`ID`, `ID_user`, `ID_admin`, `object`, `message`, `answer_message`, `status`) VALUES (25, 40, NULL, 'Dolores occaecati quis sequi.', 'Illum repellendus magni vel aut temporibus dolorem omnis. Unde odio quibusdam quasi sequi praesentium autem est ut. Expedita deserunt nostrum totam.', NULL, 0);
INSERT INTO `request` (`ID`, `ID_user`, `ID_admin`, `object`, `message`, `answer_message`, `status`) VALUES (26, 42, NULL, 'Voluptates id vel eius vitae.', 'Quae non perspiciatis labore qui dicta nihil temporibus omnis. Rem dolorum sunt corporis magni modi repudiandae molestiae. Nesciunt qui cumque in neque ea tempora.', NULL, 0);
INSERT INTO `request` (`ID`, `ID_user`, `ID_admin`, `object`, `message`, `answer_message`, `status`) VALUES (27, 38, NULL, 'Maiores iusto minus at.', 'Rerum ab consequatur molestiae mollitia. Et perferendis modi eius est. Nesciunt eos accusamus quia deleniti molestiae omnis beatae.', NULL, 0);
INSERT INTO `request` (`ID`, `ID_user`, `ID_admin`, `object`, `message`, `answer_message`, `status`) VALUES (28, 13, NULL, 'Et dolorem facere ipsa sint.', 'Unde corporis quod aut est doloremque. Illo et labore fugit quia. Quisquam aut aperiam deserunt sed quasi aliquam rerum. Autem et laborum repudiandae natus corrupti maxime.', NULL, 0);
INSERT INTO `request` (`ID`, `ID_user`, `ID_admin`, `object`, `message`, `answer_message`, `status`) VALUES (29, 8, NULL, 'Illo ex qui assumenda sit.', 'Expedita provident fuga repudiandae qui. Sapiente quos vel voluptatem et libero. Dolor possimus qui rerum doloremque officiis qui. Dolor nihil autem aut qui inventore ut eum.', NULL, 0);
INSERT INTO `request` (`ID`, `ID_user`, `ID_admin`, `object`, `message`, `answer_message`, `status`) VALUES (30, 10, NULL, 'Aut ex qui eligendi eos.', 'Odit dolorem consequatur quidem rem velit magni. Asperiores et occaecati accusantium at iste. Qui reprehenderit non deleniti.', NULL, 0);
INSERT INTO `request` (`ID`, `ID_user`, `ID_admin`, `object`, `message`, `answer_message`, `status`) VALUES (31, 55, NULL, 'Qui quasi debitis at.', 'Fugit sint eos velit. Et aut quia ut sapiente vel quae placeat. Omnis laudantium quia est repellendus provident voluptatibus culpa. Et unde beatae neque iure.', NULL, 0);
INSERT INTO `request` (`ID`, `ID_user`, `ID_admin`, `object`, `message`, `answer_message`, `status`) VALUES (32, 37, NULL, 'Nihil quae eum ipsam beatae.', 'Et dolor ea earum voluptas eos quis quas. Dolorem molestias ea aspernatur impedit delectus quidem aut. Cumque eos doloremque veritatis eos rerum delectus quo repudiandae.', NULL, 0);
INSERT INTO `request` (`ID`, `ID_user`, `ID_admin`, `object`, `message`, `answer_message`, `status`) VALUES (33, 52, NULL, 'Et et ad aliquam qui.', 'Non doloribus incidunt odit aspernatur a nihil. Sint sit et necessitatibus veniam voluptatem fuga. Maxime adipisci placeat quo quae et. Aliquam suscipit aut ab quam. Cumque ipsam deserunt aut maiores quo qui autem recusandae.', NULL, 0);
INSERT INTO `request` (`ID`, `ID_user`, `ID_admin`, `object`, `message`, `answer_message`, `status`) VALUES (34, 5, NULL, 'Non dicta atque aut aliquam.', 'Consequuntur minima veniam quod eius doloremque et. Molestiae quae animi non dolorem quia. Facere sed est dignissimos cupiditate doloribus et. Voluptas odit molestiae accusamus.', NULL, 0);
INSERT INTO `request` (`ID`, `ID_user`, `ID_admin`, `object`, `message`, `answer_message`, `status`) VALUES (35, 16, NULL, 'Ducimus hic commodi rerum.', 'Laboriosam molestiae porro sapiente. Impedit id nemo suscipit impedit quod blanditiis aliquid. Cupiditate laborum sunt neque voluptatem cum et.', NULL, 0);
INSERT INTO `request` (`ID`, `ID_user`, `ID_admin`, `object`, `message`, `answer_message`, `status`) VALUES (36, 17, NULL, 'Sunt atque sit aliquam sed.', 'Molestiae consectetur laboriosam dolores molestiae voluptatum recusandae qui. Non laudantium laudantium qui ratione qui inventore qui. Ut distinctio eaque est sunt.', NULL, 0);
INSERT INTO `request` (`ID`, `ID_user`, `ID_admin`, `object`, `message`, `answer_message`, `status`) VALUES (37, 14, NULL, 'Dicta eaque nisi tenetur ut.', 'Voluptatum repudiandae aperiam adipisci ducimus. Dicta et mollitia ea fugiat. Ratione temporibus quia maxime est vitae doloremque nobis. Ipsum sint ut omnis ex expedita officiis.', NULL, 0);
INSERT INTO `request` (`ID`, `ID_user`, `ID_admin`, `object`, `message`, `answer_message`, `status`) VALUES (38, 59, NULL, 'Qui est quo accusantium.', 'Aliquid quia eaque aut excepturi. Est libero nihil dolor eligendi. Quisquam facere consectetur quia optio rerum ad officia quia.', NULL, 0);
INSERT INTO `request` (`ID`, `ID_user`, `ID_admin`, `object`, `message`, `answer_message`, `status`) VALUES (39, 18, NULL, 'Nihil eos sed non distinctio.', 'Quam repellat labore qui amet minima qui. Natus minima officiis accusamus itaque. Sed veniam et nostrum saepe sint deserunt recusandae.', NULL, 0);
INSERT INTO `request` (`ID`, `ID_user`, `ID_admin`, `object`, `message`, `answer_message`, `status`) VALUES (40, 33, NULL, 'Tempora id assumenda sit.', 'Debitis praesentium laboriosam id explicabo dolore facilis doloribus. Quas qui incidunt corrupti magnam tenetur reprehenderit. Eum ut ratione ipsum non odio consequuntur nihil. Minus rerum non blanditiis sequi itaque. Et et deserunt sit soluta eum et.', NULL, 0);
INSERT INTO `request` (`ID`, `ID_user`, `ID_admin`, `object`, `message`, `answer_message`, `status`) VALUES (41, 37, NULL, 'Corporis eaque sed adipisci.', 'Qui et atque quos eaque eveniet unde. Nobis vel eveniet libero placeat eos esse. Est sed aliquam iure quaerat inventore. Minus distinctio nihil aut eos.', NULL, 0);
INSERT INTO `request` (`ID`, `ID_user`, `ID_admin`, `object`, `message`, `answer_message`, `status`) VALUES (42, 48, NULL, 'Eos et est aperiam sit.', 'Molestiae fuga incidunt exercitationem. Fugiat ut dolores voluptas. Quo alias ipsa qui repellat qui vero.', NULL, 0);
INSERT INTO `request` (`ID`, `ID_user`, `ID_admin`, `object`, `message`, `answer_message`, `status`) VALUES (43, 52, NULL, 'Minima ea id similique.', 'Sit quo qui voluptatem hic cum. Doloremque sapiente blanditiis velit nesciunt aliquid. Aut nesciunt dignissimos iure et modi. Sunt et voluptatem non sequi. Sed recusandae vel architecto.', NULL, 0);
INSERT INTO `request` (`ID`, `ID_user`, `ID_admin`, `object`, `message`, `answer_message`, `status`) VALUES (44, 8, NULL, 'At quia sequi quisquam.', 'Numquam odit non omnis. Exercitationem assumenda debitis distinctio quas ut magnam. Explicabo sunt voluptas nemo ipsam.', NULL, 0);
INSERT INTO `request` (`ID`, `ID_user`, `ID_admin`, `object`, `message`, `answer_message`, `status`) VALUES (45, 39, NULL, 'Ab possimus soluta nam.', 'Cupiditate quo ut non ad provident repellat. Ipsam sed quo adipisci voluptas quasi et. Quae voluptatem in cupiditate. Voluptas vel officiis libero cum esse et eius.', NULL, 0);
INSERT INTO `request` (`ID`, `ID_user`, `ID_admin`, `object`, `message`, `answer_message`, `status`) VALUES (46, 39, NULL, 'Et vel modi cumque dolor.', 'Aut ullam voluptatem debitis nobis. Perspiciatis nisi eligendi hic quia sint explicabo est praesentium. Voluptatem quis accusamus mollitia. Minima ut quia et.', NULL, 0);
INSERT INTO `request` (`ID`, `ID_user`, `ID_admin`, `object`, `message`, `answer_message`, `status`) VALUES (47, 7, NULL, 'Sed voluptas quas at ut.', 'Voluptatibus aut et et laborum aut. Quasi a ducimus enim possimus est vitae commodi. Natus libero alias optio nesciunt eum sunt ut praesentium.', NULL, 0);
INSERT INTO `request` (`ID`, `ID_user`, `ID_admin`, `object`, `message`, `answer_message`, `status`) VALUES (48, 36, NULL, 'Voluptatem ullam aut vel.', 'Placeat eos voluptas qui explicabo sapiente. Quo molestias placeat sed velit magni. Et rem voluptates autem sit doloribus quia. Voluptate id ut similique ipsa hic.', NULL, 0);
INSERT INTO `request` (`ID`, `ID_user`, `ID_admin`, `object`, `message`, `answer_message`, `status`) VALUES (49, 15, NULL, 'Aut provident et error sint.', 'Sint ut odio tempore expedita culpa. Nisi ut fugiat sunt sint praesentium voluptatem dolor. Voluptatum omnis quibusdam cumque ut totam facere voluptatem.', NULL, 0);
INSERT INTO `request` (`ID`, `ID_user`, `ID_admin`, `object`, `message`, `answer_message`, `status`) VALUES (50, 1, NULL, 'Libero omnis odit nulla hic.', 'Dolor qui perferendis impedit eius accusantium quaerat voluptas. Soluta molestiae nobis veniam eaque. Facere rerum sint aut reprehenderit laboriosam.', NULL, 0);
INSERT INTO `request` (`ID`, `ID_user`, `ID_admin`, `object`, `message`, `answer_message`, `status`) VALUES (51, 16, NULL, 'Tenetur magnam illum ut quod.', 'Doloremque aut dignissimos itaque. Et aspernatur dolorum earum iure et in. Et non reiciendis alias quisquam harum. Voluptatem rem aut sunt.', NULL, 0);
INSERT INTO `request` (`ID`, `ID_user`, `ID_admin`, `object`, `message`, `answer_message`, `status`) VALUES (52, 4, NULL, 'Sit totam dolorem aut.', 'Cum aut ex quam reiciendis quisquam soluta. Eius soluta nihil corporis dolores eum corrupti adipisci. Dolorum dicta ea eligendi non non.', NULL, 0);
INSERT INTO `request` (`ID`, `ID_user`, `ID_admin`, `object`, `message`, `answer_message`, `status`) VALUES (53, 59, NULL, 'Quod et asperiores a.', 'Id aut culpa mollitia ab at maiores soluta. Enim sunt aperiam enim velit consequatur vel. Nisi iste ullam cumque veniam. Vitae saepe minus unde non.', NULL, 0);
INSERT INTO `request` (`ID`, `ID_user`, `ID_admin`, `object`, `message`, `answer_message`, `status`) VALUES (54, 51, NULL, 'Id est earum ad libero.', 'Illo in consequatur occaecati eum dicta. Omnis natus fugit consectetur placeat. Esse tempora unde veritatis nam. Tempore et voluptates quia nihil eius non laudantium.', NULL, 0);
INSERT INTO `request` (`ID`, `ID_user`, `ID_admin`, `object`, `message`, `answer_message`, `status`) VALUES (55, 42, NULL, 'Sunt eaque est vel.', 'Nihil similique aut aliquam qui pariatur et. Nulla omnis nihil aut sed et. Sed velit sunt doloremque beatae et est.', NULL, 0);
INSERT INTO `request` (`ID`, `ID_user`, `ID_admin`, `object`, `message`, `answer_message`, `status`) VALUES (56, 55, NULL, 'Qui ipsa officiis sit.', 'At animi est assumenda aut totam assumenda ut et. Ut ratione neque unde vitae nisi asperiores voluptatem minus. Nihil repellat ut sint et.', NULL, 0);
INSERT INTO `request` (`ID`, `ID_user`, `ID_admin`, `object`, `message`, `answer_message`, `status`) VALUES (57, 55, NULL, 'Enim sunt neque cupiditate.', 'Deserunt facere id omnis aut. Molestiae placeat adipisci omnis nisi. Voluptates et error sit adipisci ipsum.', NULL, 0);
INSERT INTO `request` (`ID`, `ID_user`, `ID_admin`, `object`, `message`, `answer_message`, `status`) VALUES (58, 8, NULL, 'Magni aut aspernatur debitis.', 'Esse neque exercitationem voluptatibus est praesentium reprehenderit est. Tenetur praesentium natus est consequatur sit. Ratione nemo perspiciatis nesciunt est. Corporis dolorem consequatur deleniti incidunt adipisci sit enim.', NULL, 0);
INSERT INTO `request` (`ID`, `ID_user`, `ID_admin`, `object`, `message`, `answer_message`, `status`) VALUES (59, 37, NULL, 'Quia atque labore sit.', 'Reiciendis sunt exercitationem veritatis quae laboriosam. Quidem cumque ut non. Sequi qui nihil tempora suscipit aut. Sunt porro inventore rerum.', NULL, 0);
INSERT INTO `request` (`ID`, `ID_user`, `ID_admin`, `object`, `message`, `answer_message`, `status`) VALUES (60, 31, NULL, 'Eum consequatur ipsum est.', 'Et a est iusto ut. Quae voluptas hic accusamus sit quo enim molestiae. Deleniti fugit odit sint qui numquam eum. Non soluta nulla aliquam accusantium corrupti dolor aperiam.', NULL, 0);
INSERT INTO `request` (`ID`, `ID_user`, `ID_admin`, `object`, `message`, `answer_message`, `status`) VALUES (61, 54, NULL, 'Corporis ut aut ea.', 'Voluptas temporibus rerum est explicabo. Sed perferendis et quia qui. Nisi cupiditate voluptas recusandae et id qui. Vitae dolores voluptatem aut.', NULL, 0);
INSERT INTO `request` (`ID`, `ID_user`, `ID_admin`, `object`, `message`, `answer_message`, `status`) VALUES (62, 45, NULL, 'Omnis similique illo quod.', 'Repellat sunt non dolore incidunt. Blanditiis occaecati quidem aspernatur autem rerum exercitationem. Distinctio provident esse alias dignissimos nihil placeat. Optio ab totam aliquid et. Unde est non atque perspiciatis pariatur id.', NULL, 0);
INSERT INTO `request` (`ID`, `ID_user`, `ID_admin`, `object`, `message`, `answer_message`, `status`) VALUES (63, 18, NULL, 'Sed non ratione qui.', 'Exercitationem assumenda hic accusamus. Ab reprehenderit esse facere asperiores atque sed non. Sed perferendis ipsa quis. Ex itaque occaecati dolorum esse ut itaque non unde.', NULL, 0);
INSERT INTO `request` (`ID`, `ID_user`, `ID_admin`, `object`, `message`, `answer_message`, `status`) VALUES (64, 21, NULL, 'Impedit ut est autem.', 'In adipisci repellat quibusdam error molestias. Earum totam error enim dolorem ut. Consectetur et assumenda repellendus ducimus reiciendis excepturi totam. Aliquam maxime est aut ut nam ex. Blanditiis porro sunt aperiam aut officia suscipit.', NULL, 0);
INSERT INTO `request` (`ID`, `ID_user`, `ID_admin`, `object`, `message`, `answer_message`, `status`) VALUES (65, 24, NULL, 'Aut praesentium est nulla ut.', 'Ut aut veritatis repellat fugiat eius. Odit esse et voluptas expedita. Consectetur temporibus est est officia tenetur.', NULL, 0);
INSERT INTO `request` (`ID`, `ID_user`, `ID_admin`, `object`, `message`, `answer_message`, `status`) VALUES (66, 9, NULL, 'Nesciunt ea ex ex quis.', 'Fugit sit ab voluptatum deserunt. Et vero nulla labore delectus occaecati. Quaerat quisquam harum molestiae harum ipsa. Qui expedita optio non vel voluptas excepturi.', NULL, 0);
INSERT INTO `request` (`ID`, `ID_user`, `ID_admin`, `object`, `message`, `answer_message`, `status`) VALUES (67, 34, NULL, 'In maxime sed sed et.', 'Recusandae nulla voluptatem at saepe. Quos est culpa dolorum. Qui dolores optio voluptatem consequatur in ducimus eveniet.', NULL, 0);
INSERT INTO `request` (`ID`, `ID_user`, `ID_admin`, `object`, `message`, `answer_message`, `status`) VALUES (68, 10, NULL, 'Magnam ut sed voluptatem.', 'Fuga autem et et est. Nemo numquam facere non quaerat. In quam ullam deleniti explicabo debitis.', NULL, 0);
INSERT INTO `request` (`ID`, `ID_user`, `ID_admin`, `object`, `message`, `answer_message`, `status`) VALUES (69, 37, NULL, 'Ut quia est dicta deserunt.', 'Aspernatur nostrum dolores unde illo esse et. Quaerat iste dolores voluptas iste odit maiores occaecati quaerat. Suscipit error suscipit incidunt inventore est perspiciatis quia quas.', NULL, 0);
INSERT INTO `request` (`ID`, `ID_user`, `ID_admin`, `object`, `message`, `answer_message`, `status`) VALUES (70, 32, NULL, 'Ipsam nostrum sunt minus et.', 'Dolores explicabo nostrum dolorem est impedit illo doloribus distinctio. Veniam ab ullam voluptas quia impedit eius. Consequatur mollitia est ut ducimus voluptas qui repudiandae doloribus.', NULL, 0);
INSERT INTO `request` (`ID`, `ID_user`, `ID_admin`, `object`, `message`, `answer_message`, `status`) VALUES (71, 42, NULL, 'Ut voluptas eveniet non et.', 'Odit adipisci et iure dolore non. Ut impedit modi enim dolorem dicta dolorem. Amet reiciendis unde voluptates qui et facilis qui.', NULL, 0);
INSERT INTO `request` (`ID`, `ID_user`, `ID_admin`, `object`, `message`, `answer_message`, `status`) VALUES (72, 36, NULL, 'Quae ratione dolor dolores.', 'Consequatur est rerum possimus quod. Dolorem dolorem in earum error eveniet. Esse velit nam corrupti.', NULL, 0);
INSERT INTO `request` (`ID`, `ID_user`, `ID_admin`, `object`, `message`, `answer_message`, `status`) VALUES (73, 3, NULL, 'Qui illo sunt aut et.', 'Ut repellat dolorem vitae earum. Rem ipsum hic corrupti qui. Expedita reiciendis suscipit occaecati est totam.', NULL, 0);
INSERT INTO `request` (`ID`, `ID_user`, `ID_admin`, `object`, `message`, `answer_message`, `status`) VALUES (74, 48, NULL, 'Tempore et ea cum.', 'Voluptatem nostrum sint perspiciatis aliquam iste. Ratione ut voluptatem rerum ea. Voluptates nisi sint ab sint blanditiis. Rerum sapiente ratione autem qui dolore.', NULL, 0);
INSERT INTO `request` (`ID`, `ID_user`, `ID_admin`, `object`, `message`, `answer_message`, `status`) VALUES (75, 44, NULL, 'Iusto magni ea ullam.', 'Eius et quia dolor officiis error aspernatur libero. Velit dignissimos quaerat et a animi. Sit similique dolore velit sed.', NULL, 0);
INSERT INTO `request` (`ID`, `ID_user`, `ID_admin`, `object`, `message`, `answer_message`, `status`) VALUES (76, 14, NULL, 'Corporis non quo cum sunt.', 'Et sint architecto necessitatibus voluptate iusto id. Et dolorem cum nemo maxime. Ea velit in qui dolores.', NULL, 0);
INSERT INTO `request` (`ID`, `ID_user`, `ID_admin`, `object`, `message`, `answer_message`, `status`) VALUES (77, 40, NULL, 'Sit sint aut molestiae.', 'Iste nesciunt neque ab impedit est et alias. Vero mollitia necessitatibus vel nostrum esse unde hic rerum. Maxime qui explicabo quibusdam ratione natus. Laborum voluptatibus sit suscipit esse consequatur laborum sint.', NULL, 0);
INSERT INTO `request` (`ID`, `ID_user`, `ID_admin`, `object`, `message`, `answer_message`, `status`) VALUES (78, 21, NULL, 'Et et et numquam ut ut quae.', 'Iure ipsa id minima. Provident et aliquid voluptatem voluptas. Molestiae est vero id est quam accusantium voluptate.', NULL, 0);
INSERT INTO `request` (`ID`, `ID_user`, `ID_admin`, `object`, `message`, `answer_message`, `status`) VALUES (79, 49, NULL, 'Quasi ut aut dolores maiores.', 'Id accusantium maxime dolore ab consequatur ut architecto. Qui accusamus eligendi qui praesentium architecto corrupti. Nihil qui est perferendis. A accusamus architecto quia.', NULL, 0);
INSERT INTO `request` (`ID`, `ID_user`, `ID_admin`, `object`, `message`, `answer_message`, `status`) VALUES (80, 60, NULL, 'Et ut dolorum iste et.', 'Fugiat earum explicabo sit. Ea commodi et alias excepturi aut vero dicta.', NULL, 0);
INSERT INTO `request` (`ID`, `ID_user`, `ID_admin`, `object`, `message`, `answer_message`, `status`) VALUES (81, 7, NULL, 'Non maiores doloremque ut.', 'Eveniet molestiae voluptas consequatur deserunt ex. Magni harum libero ab facere nemo harum.', NULL, 0);
INSERT INTO `request` (`ID`, `ID_user`, `ID_admin`, `object`, `message`, `answer_message`, `status`) VALUES (82, 20, NULL, 'Neque commodi magni qui ea.', 'Aut sequi et aut et perferendis quia explicabo commodi. Vitae ut laboriosam nesciunt voluptates numquam aliquid. Labore facere sint ut nesciunt. Omnis iure officia qui.', NULL, 0);
INSERT INTO `request` (`ID`, `ID_user`, `ID_admin`, `object`, `message`, `answer_message`, `status`) VALUES (83, 57, NULL, 'Quis quis id mollitia quas.', 'Qui amet labore laborum placeat deserunt corporis. Repellendus nam nobis voluptatem error libero.', NULL, 0);
INSERT INTO `request` (`ID`, `ID_user`, `ID_admin`, `object`, `message`, `answer_message`, `status`) VALUES (84, 26, NULL, 'Eius nihil tenetur suscipit.', 'Magni dolorem voluptas amet quisquam tenetur doloremque reprehenderit. Alias earum consequatur architecto iste. Similique consequatur consequatur amet nostrum commodi temporibus enim. Tenetur modi nisi ex fugit ea non explicabo.', NULL, 0);
INSERT INTO `request` (`ID`, `ID_user`, `ID_admin`, `object`, `message`, `answer_message`, `status`) VALUES (85, 16, NULL, 'Rerum optio qui qui.', 'Rerum vero sit eius aut perspiciatis atque blanditiis. Sit natus debitis cumque in aperiam. Reiciendis temporibus consequuntur fugit laboriosam impedit consectetur.', NULL, 0);
INSERT INTO `request` (`ID`, `ID_user`, `ID_admin`, `object`, `message`, `answer_message`, `status`) VALUES (86, 1, NULL, 'Id in optio earum laborum ut.', 'Necessitatibus enim ea facilis ipsum veritatis inventore dolorem reiciendis. Cumque nemo molestias est impedit. Dolor dolorem delectus qui exercitationem enim quia omnis.', NULL, 0);
INSERT INTO `request` (`ID`, `ID_user`, `ID_admin`, `object`, `message`, `answer_message`, `status`) VALUES (87, 15, NULL, 'Est ut nemo rerum ipsum.', 'Veritatis non harum aliquam. In expedita fugiat qui repellendus eos et libero. Est dicta nobis adipisci. Rerum magni et sit porro.', NULL, 0);
INSERT INTO `request` (`ID`, `ID_user`, `ID_admin`, `object`, `message`, `answer_message`, `status`) VALUES (88, 29, NULL, 'Occaecati et cum quo.', 'Id eos nihil quia sit. Laboriosam dolorum quis est qui et. Nisi ut aut harum explicabo quisquam voluptatum. Necessitatibus ea ut voluptatem est eum tenetur.', NULL, 0);
INSERT INTO `request` (`ID`, `ID_user`, `ID_admin`, `object`, `message`, `answer_message`, `status`) VALUES (89, 50, NULL, 'Ut rerum tempora sit aliquam.', 'Eveniet ut et necessitatibus autem sint et non. Sed qui quod quas aspernatur. Aut quidem omnis labore tempora. Delectus est ut quae.', NULL, 0);
INSERT INTO `request` (`ID`, `ID_user`, `ID_admin`, `object`, `message`, `answer_message`, `status`) VALUES (90, 35, NULL, 'Omnis ut minus ut delectus.', 'Aspernatur distinctio deserunt similique. Quis occaecati labore impedit nam. Quo architecto aut quasi et sequi.', NULL, 0);
INSERT INTO `request` (`ID`, `ID_user`, `ID_admin`, `object`, `message`, `answer_message`, `status`) VALUES (91, 40, NULL, 'Iusto et debitis nobis est.', 'Officiis et eveniet iure deleniti. Doloribus expedita eos dolor quod. Expedita velit rerum consequatur sunt et voluptates.', NULL, 0);
INSERT INTO `request` (`ID`, `ID_user`, `ID_admin`, `object`, `message`, `answer_message`, `status`) VALUES (92, 12, NULL, 'Ipsa tempore culpa maxime a.', 'Et aut necessitatibus voluptatem et. Qui qui quasi exercitationem et est similique. Mollitia voluptatem consequatur et. Culpa omnis facere error officia.', NULL, 0);
INSERT INTO `request` (`ID`, `ID_user`, `ID_admin`, `object`, `message`, `answer_message`, `status`) VALUES (93, 13, NULL, 'Voluptates dolor quos autem.', 'Odit atque saepe quaerat consequatur fuga et assumenda nihil. Voluptas maxime eveniet nihil quis id possimus. Possimus aut eos odit itaque qui voluptatum. Possimus illum et velit dolor ut a distinctio quo.', NULL, 0);
INSERT INTO `request` (`ID`, `ID_user`, `ID_admin`, `object`, `message`, `answer_message`, `status`) VALUES (94, 44, NULL, 'Sint sed eaque ducimus.', 'Quisquam explicabo consequatur iure voluptatem ducimus. Aut fugit qui et iure qui.', NULL, 0);
INSERT INTO `request` (`ID`, `ID_user`, `ID_admin`, `object`, `message`, `answer_message`, `status`) VALUES (95, 31, NULL, 'Labore qui earum earum iure.', 'Optio corporis et quia pariatur. Alias dolores ab suscipit voluptas. Dolor ut accusamus eius sit rerum consequatur.', NULL, 0);
INSERT INTO `request` (`ID`, `ID_user`, `ID_admin`, `object`, `message`, `answer_message`, `status`) VALUES (96, 34, NULL, 'Et veritatis est magnam sit.', 'Cum cum asperiores error explicabo et ea est dicta. Dolor et ut libero explicabo saepe sit architecto. Quia eius praesentium veniam voluptates vel culpa molestiae unde. Quo nihil quam qui voluptas pariatur. Ipsum nihil ea ut.', NULL, 0);
INSERT INTO `request` (`ID`, `ID_user`, `ID_admin`, `object`, `message`, `answer_message`, `status`) VALUES (97, 45, NULL, 'Et minus ut autem aut non.', 'Nihil ipsam earum molestiae nemo vel excepturi non. Rerum quam consectetur id ipsum nobis. Architecto cum eos aut quo similique natus. Recusandae quaerat facere tempore dolores consequatur porro eligendi.', NULL, 0);
INSERT INTO `request` (`ID`, `ID_user`, `ID_admin`, `object`, `message`, `answer_message`, `status`) VALUES (98, 41, NULL, 'Ut velit doloribus earum.', 'Non sed nostrum earum quasi. Non molestias qui optio. Illum voluptatem fugit voluptatem tenetur tempora.', NULL, 0);
INSERT INTO `request` (`ID`, `ID_user`, `ID_admin`, `object`, `message`, `answer_message`, `status`) VALUES (99, 51, NULL, 'Earum nam qui quasi.', 'Officia neque aliquam consequatur consequatur. Minus eius repellendus modi unde adipisci ea et. Debitis voluptatem et velit consequuntur nobis qui perferendis.', NULL, 0);
INSERT INTO `request` (`ID`, `ID_user`, `ID_admin`, `object`, `message`, `answer_message`, `status`) VALUES (100, 2, NULL, 'Labore sunt quo voluptate.', 'Assumenda ipsam sunt in non commodi ut. Doloribus est et ea tenetur architecto rerum vero aut. Impedit tempora aut omnis earum id eius. Labore voluptates corporis et.', NULL, 0);


INSERT INTO `scanning_project` (`ID`, `ID_coordinator`, `ID_document`, `date`, `scanning_complete`) VALUES (29, 1, 74, '1990-11-04', 1);
INSERT INTO `scanning_project` (`ID`, `ID_coordinator`, `ID_document`, `date`, `scanning_complete`) VALUES (30, 12, 67, '2012-01-07', 0);
INSERT INTO `scanning_project` (`ID`, `ID_coordinator`, `ID_document`, `date`, `scanning_complete`) VALUES (31, 3, 57, '2004-03-16', 0);
INSERT INTO `scanning_project` (`ID`, `ID_coordinator`, `ID_document`, `date`, `scanning_complete`) VALUES (32, 53, 11, '1976-02-02', 1);
INSERT INTO `scanning_project` (`ID`, `ID_coordinator`, `ID_document`, `date`, `scanning_complete`) VALUES (34, 12, 18, '1978-09-16', 1);
INSERT INTO `scanning_project` (`ID`, `ID_coordinator`, `ID_document`, `date`, `scanning_complete`) VALUES (35, 28, 76, '2011-12-10', 0);
INSERT INTO `scanning_project` (`ID`, `ID_coordinator`, `ID_document`, `date`, `scanning_complete`) VALUES (36, 16, 61, '1970-06-04', 1);
INSERT INTO `scanning_project` (`ID`, `ID_coordinator`, `ID_document`, `date`, `scanning_complete`) VALUES (37, 19, 20, '2001-03-28', 1);
INSERT INTO `scanning_project` (`ID`, `ID_coordinator`, `ID_document`, `date`, `scanning_complete`) VALUES (38, 50, 75, '1976-11-24', 0);
INSERT INTO `scanning_project` (`ID`, `ID_coordinator`, `ID_document`, `date`, `scanning_complete`) VALUES (39, 51, 79, '1970-03-23', 0);
INSERT INTO `scanning_project` (`ID`, `ID_coordinator`, `ID_document`, `date`, `scanning_complete`) VALUES (41, 32, 80, '1995-04-28', 0);
INSERT INTO `scanning_project` (`ID`, `ID_coordinator`, `ID_document`, `date`, `scanning_complete`) VALUES (42, 52, 68, '2014-10-10', 1);
INSERT INTO `scanning_project` (`ID`, `ID_coordinator`, `ID_document`, `date`, `scanning_complete`) VALUES (43, 13, 81, '2000-05-27', 1);
INSERT INTO `scanning_project` (`ID`, `ID_coordinator`, `ID_document`, `date`, `scanning_complete`) VALUES (44, 7, 40, '1981-09-03', 0);
INSERT INTO `scanning_project` (`ID`, `ID_coordinator`, `ID_document`, `date`, `scanning_complete`) VALUES (45, 30, 50, '1984-05-27', 0);
INSERT INTO `scanning_project` (`ID`, `ID_coordinator`, `ID_document`, `date`, `scanning_complete`) VALUES (48, 50, 86, '2014-11-18', 1);
INSERT INTO `scanning_project` (`ID`, `ID_coordinator`, `ID_document`, `date`, `scanning_complete`) VALUES (49, 57, 82, '1983-07-22', 1);
INSERT INTO `scanning_project` (`ID`, `ID_coordinator`, `ID_document`, `date`, `scanning_complete`) VALUES (51, 35, 19, '1970-05-31', 1);
INSERT INTO `scanning_project` (`ID`, `ID_coordinator`, `ID_document`, `date`, `scanning_complete`) VALUES (52, 49, 66, '1997-03-12', 1);
INSERT INTO `scanning_project` (`ID`, `ID_coordinator`, `ID_document`, `date`, `scanning_complete`) VALUES (54, 49, 99, '1988-12-18', 1);
INSERT INTO `scanning_project` (`ID`, `ID_coordinator`, `ID_document`, `date`, `scanning_complete`) VALUES (55, 15, 36, '1984-10-01', 0);
INSERT INTO `scanning_project` (`ID`, `ID_coordinator`, `ID_document`, `date`, `scanning_complete`) VALUES (56, 34, 27, '1997-09-23', 0);


INSERT INTO `scanning_project_digitalizer_partecipant` (`ID`, `ID_scanning_project`, `ID_digitalizer_user`) VALUES (1, 45, 48);
INSERT INTO `scanning_project_digitalizer_partecipant` (`ID`, `ID_scanning_project`, `ID_digitalizer_user`) VALUES (2, 48, 14);
INSERT INTO `scanning_project_digitalizer_partecipant` (`ID`, `ID_scanning_project`, `ID_digitalizer_user`) VALUES (3, 37, 54);
INSERT INTO `scanning_project_digitalizer_partecipant` (`ID`, `ID_scanning_project`, `ID_digitalizer_user`) VALUES (4, 29, 36);
INSERT INTO `scanning_project_digitalizer_partecipant` (`ID`, `ID_scanning_project`, `ID_digitalizer_user`) VALUES (5, 44, 24);
INSERT INTO `scanning_project_digitalizer_partecipant` (`ID`, `ID_scanning_project`, `ID_digitalizer_user`) VALUES (6, 37, 40);
INSERT INTO `scanning_project_digitalizer_partecipant` (`ID`, `ID_scanning_project`, `ID_digitalizer_user`) VALUES (7, 55, 40);
INSERT INTO `scanning_project_digitalizer_partecipant` (`ID`, `ID_scanning_project`, `ID_digitalizer_user`) VALUES (8, 39, 53);
INSERT INTO `scanning_project_digitalizer_partecipant` (`ID`, `ID_scanning_project`, `ID_digitalizer_user`) VALUES (9, 52, 41);
INSERT INTO `scanning_project_digitalizer_partecipant` (`ID`, `ID_scanning_project`, `ID_digitalizer_user`) VALUES (10, 51, 49);
INSERT INTO `scanning_project_digitalizer_partecipant` (`ID`, `ID_scanning_project`, `ID_digitalizer_user`) VALUES (11, 54, 41);
INSERT INTO `scanning_project_digitalizer_partecipant` (`ID`, `ID_scanning_project`, `ID_digitalizer_user`) VALUES (12, 44, 15);
INSERT INTO `scanning_project_digitalizer_partecipant` (`ID`, `ID_scanning_project`, `ID_digitalizer_user`) VALUES (13, 45, 13);
INSERT INTO `scanning_project_digitalizer_partecipant` (`ID`, `ID_scanning_project`, `ID_digitalizer_user`) VALUES (14, 41, 26);
INSERT INTO `scanning_project_digitalizer_partecipant` (`ID`, `ID_scanning_project`, `ID_digitalizer_user`) VALUES (15, 35, 29);
INSERT INTO `scanning_project_digitalizer_partecipant` (`ID`, `ID_scanning_project`, `ID_digitalizer_user`) VALUES (16, 36, 39);
INSERT INTO `scanning_project_digitalizer_partecipant` (`ID`, `ID_scanning_project`, `ID_digitalizer_user`) VALUES (17, 35, 25);
INSERT INTO `scanning_project_digitalizer_partecipant` (`ID`, `ID_scanning_project`, `ID_digitalizer_user`) VALUES (18, 55, 22);
INSERT INTO `scanning_project_digitalizer_partecipant` (`ID`, `ID_scanning_project`, `ID_digitalizer_user`) VALUES (19, 29, 60);
INSERT INTO `scanning_project_digitalizer_partecipant` (`ID`, `ID_scanning_project`, `ID_digitalizer_user`) VALUES (20, 34, 40);
INSERT INTO `scanning_project_digitalizer_partecipant` (`ID`, `ID_scanning_project`, `ID_digitalizer_user`) VALUES (21, 29, 36);
INSERT INTO `scanning_project_digitalizer_partecipant` (`ID`, `ID_scanning_project`, `ID_digitalizer_user`) VALUES (22, 41, 60);
INSERT INTO `scanning_project_digitalizer_partecipant` (`ID`, `ID_scanning_project`, `ID_digitalizer_user`) VALUES (23, 51, 44);
INSERT INTO `scanning_project_digitalizer_partecipant` (`ID`, `ID_scanning_project`, `ID_digitalizer_user`) VALUES (24, 29, 51);
INSERT INTO `scanning_project_digitalizer_partecipant` (`ID`, `ID_scanning_project`, `ID_digitalizer_user`) VALUES (25, 55, 52);
INSERT INTO `scanning_project_digitalizer_partecipant` (`ID`, `ID_scanning_project`, `ID_digitalizer_user`) VALUES (26, 54, 36);
INSERT INTO `scanning_project_digitalizer_partecipant` (`ID`, `ID_scanning_project`, `ID_digitalizer_user`) VALUES (27, 36, 32);
INSERT INTO `scanning_project_digitalizer_partecipant` (`ID`, `ID_scanning_project`, `ID_digitalizer_user`) VALUES (28, 56, 24);
INSERT INTO `scanning_project_digitalizer_partecipant` (`ID`, `ID_scanning_project`, `ID_digitalizer_user`) VALUES (29, 56, 56);
INSERT INTO `scanning_project_digitalizer_partecipant` (`ID`, `ID_scanning_project`, `ID_digitalizer_user`) VALUES (30, 32, 40);
INSERT INTO `scanning_project_digitalizer_partecipant` (`ID`, `ID_scanning_project`, `ID_digitalizer_user`) VALUES (31, 49, 28);
INSERT INTO `scanning_project_digitalizer_partecipant` (`ID`, `ID_scanning_project`, `ID_digitalizer_user`) VALUES (32, 54, 35);
INSERT INTO `scanning_project_digitalizer_partecipant` (`ID`, `ID_scanning_project`, `ID_digitalizer_user`) VALUES (33, 41, 36);
INSERT INTO `scanning_project_digitalizer_partecipant` (`ID`, `ID_scanning_project`, `ID_digitalizer_user`) VALUES (34, 36, 46);
INSERT INTO `scanning_project_digitalizer_partecipant` (`ID`, `ID_scanning_project`, `ID_digitalizer_user`) VALUES (35, 34, 27);
INSERT INTO `scanning_project_digitalizer_partecipant` (`ID`, `ID_scanning_project`, `ID_digitalizer_user`) VALUES (36, 55, 55);
INSERT INTO `scanning_project_digitalizer_partecipant` (`ID`, `ID_scanning_project`, `ID_digitalizer_user`) VALUES (37, 35, 39);
INSERT INTO `scanning_project_digitalizer_partecipant` (`ID`, `ID_scanning_project`, `ID_digitalizer_user`) VALUES (38, 42, 48);
INSERT INTO `scanning_project_digitalizer_partecipant` (`ID`, `ID_scanning_project`, `ID_digitalizer_user`) VALUES (39, 42, 33);
INSERT INTO `scanning_project_digitalizer_partecipant` (`ID`, `ID_scanning_project`, `ID_digitalizer_user`) VALUES (40, 31, 59);
INSERT INTO `scanning_project_digitalizer_partecipant` (`ID`, `ID_scanning_project`, `ID_digitalizer_user`) VALUES (41, 49, 47);
INSERT INTO `scanning_project_digitalizer_partecipant` (`ID`, `ID_scanning_project`, `ID_digitalizer_user`) VALUES (42, 32, 8);
INSERT INTO `scanning_project_digitalizer_partecipant` (`ID`, `ID_scanning_project`, `ID_digitalizer_user`) VALUES (43, 35, 6);
INSERT INTO `scanning_project_digitalizer_partecipant` (`ID`, `ID_scanning_project`, `ID_digitalizer_user`) VALUES (44, 34, 29);
INSERT INTO `scanning_project_digitalizer_partecipant` (`ID`, `ID_scanning_project`, `ID_digitalizer_user`) VALUES (45, 55, 43);
INSERT INTO `scanning_project_digitalizer_partecipant` (`ID`, `ID_scanning_project`, `ID_digitalizer_user`) VALUES (46, 41, 3);
INSERT INTO `scanning_project_digitalizer_partecipant` (`ID`, `ID_scanning_project`, `ID_digitalizer_user`) VALUES (47, 30, 53);
INSERT INTO `scanning_project_digitalizer_partecipant` (`ID`, `ID_scanning_project`, `ID_digitalizer_user`) VALUES (48, 35, 8);
INSERT INTO `scanning_project_digitalizer_partecipant` (`ID`, `ID_scanning_project`, `ID_digitalizer_user`) VALUES (49, 54, 42);
INSERT INTO `scanning_project_digitalizer_partecipant` (`ID`, `ID_scanning_project`, `ID_digitalizer_user`) VALUES (50, 38, 12);
INSERT INTO `scanning_project_digitalizer_partecipant` (`ID`, `ID_scanning_project`, `ID_digitalizer_user`) VALUES (51, 29, 10);
INSERT INTO `scanning_project_digitalizer_partecipant` (`ID`, `ID_scanning_project`, `ID_digitalizer_user`) VALUES (52, 39, 8);
INSERT INTO `scanning_project_digitalizer_partecipant` (`ID`, `ID_scanning_project`, `ID_digitalizer_user`) VALUES (53, 54, 45);
INSERT INTO `scanning_project_digitalizer_partecipant` (`ID`, `ID_scanning_project`, `ID_digitalizer_user`) VALUES (54, 51, 35);
INSERT INTO `scanning_project_digitalizer_partecipant` (`ID`, `ID_scanning_project`, `ID_digitalizer_user`) VALUES (55, 52, 44);
INSERT INTO `scanning_project_digitalizer_partecipant` (`ID`, `ID_scanning_project`, `ID_digitalizer_user`) VALUES (56, 31, 47);
INSERT INTO `scanning_project_digitalizer_partecipant` (`ID`, `ID_scanning_project`, `ID_digitalizer_user`) VALUES (57, 48, 5);
INSERT INTO `scanning_project_digitalizer_partecipant` (`ID`, `ID_scanning_project`, `ID_digitalizer_user`) VALUES (58, 35, 37);
INSERT INTO `scanning_project_digitalizer_partecipant` (`ID`, `ID_scanning_project`, `ID_digitalizer_user`) VALUES (59, 38, 50);
INSERT INTO `scanning_project_digitalizer_partecipant` (`ID`, `ID_scanning_project`, `ID_digitalizer_user`) VALUES (60, 52, 13);
INSERT INTO `scanning_project_digitalizer_partecipant` (`ID`, `ID_scanning_project`, `ID_digitalizer_user`) VALUES (61, 43, 26);
INSERT INTO `scanning_project_digitalizer_partecipant` (`ID`, `ID_scanning_project`, `ID_digitalizer_user`) VALUES (62, 32, 46);
INSERT INTO `scanning_project_digitalizer_partecipant` (`ID`, `ID_scanning_project`, `ID_digitalizer_user`) VALUES (63, 32, 52);
INSERT INTO `scanning_project_digitalizer_partecipant` (`ID`, `ID_scanning_project`, `ID_digitalizer_user`) VALUES (64, 35, 15);
INSERT INTO `scanning_project_digitalizer_partecipant` (`ID`, `ID_scanning_project`, `ID_digitalizer_user`) VALUES (65, 43, 57);
INSERT INTO `scanning_project_digitalizer_partecipant` (`ID`, `ID_scanning_project`, `ID_digitalizer_user`) VALUES (66, 32, 28);
INSERT INTO `scanning_project_digitalizer_partecipant` (`ID`, `ID_scanning_project`, `ID_digitalizer_user`) VALUES (67, 44, 50);
INSERT INTO `scanning_project_digitalizer_partecipant` (`ID`, `ID_scanning_project`, `ID_digitalizer_user`) VALUES (68, 39, 8);
INSERT INTO `scanning_project_digitalizer_partecipant` (`ID`, `ID_scanning_project`, `ID_digitalizer_user`) VALUES (69, 51, 29);
INSERT INTO `scanning_project_digitalizer_partecipant` (`ID`, `ID_scanning_project`, `ID_digitalizer_user`) VALUES (70, 49, 51);
INSERT INTO `scanning_project_digitalizer_partecipant` (`ID`, `ID_scanning_project`, `ID_digitalizer_user`) VALUES (71, 31, 32);
INSERT INTO `scanning_project_digitalizer_partecipant` (`ID`, `ID_scanning_project`, `ID_digitalizer_user`) VALUES (72, 54, 45);
INSERT INTO `scanning_project_digitalizer_partecipant` (`ID`, `ID_scanning_project`, `ID_digitalizer_user`) VALUES (73, 35, 41);
INSERT INTO `scanning_project_digitalizer_partecipant` (`ID`, `ID_scanning_project`, `ID_digitalizer_user`) VALUES (74, 48, 46);
INSERT INTO `scanning_project_digitalizer_partecipant` (`ID`, `ID_scanning_project`, `ID_digitalizer_user`) VALUES (75, 52, 5);
INSERT INTO `scanning_project_digitalizer_partecipant` (`ID`, `ID_scanning_project`, `ID_digitalizer_user`) VALUES (76, 44, 45);
INSERT INTO `scanning_project_digitalizer_partecipant` (`ID`, `ID_scanning_project`, `ID_digitalizer_user`) VALUES (77, 35, 45);
INSERT INTO `scanning_project_digitalizer_partecipant` (`ID`, `ID_scanning_project`, `ID_digitalizer_user`) VALUES (78, 35, 52);
INSERT INTO `scanning_project_digitalizer_partecipant` (`ID`, `ID_scanning_project`, `ID_digitalizer_user`) VALUES (79, 34, 47);
INSERT INTO `scanning_project_digitalizer_partecipant` (`ID`, `ID_scanning_project`, `ID_digitalizer_user`) VALUES (80, 35, 13);
INSERT INTO `scanning_project_digitalizer_partecipant` (`ID`, `ID_scanning_project`, `ID_digitalizer_user`) VALUES (81, 39, 55);
INSERT INTO `scanning_project_digitalizer_partecipant` (`ID`, `ID_scanning_project`, `ID_digitalizer_user`) VALUES (82, 45, 19);
INSERT INTO `scanning_project_digitalizer_partecipant` (`ID`, `ID_scanning_project`, `ID_digitalizer_user`) VALUES (83, 52, 43);
INSERT INTO `scanning_project_digitalizer_partecipant` (`ID`, `ID_scanning_project`, `ID_digitalizer_user`) VALUES (84, 31, 35);
INSERT INTO `scanning_project_digitalizer_partecipant` (`ID`, `ID_scanning_project`, `ID_digitalizer_user`) VALUES (85, 54, 26);
INSERT INTO `scanning_project_digitalizer_partecipant` (`ID`, `ID_scanning_project`, `ID_digitalizer_user`) VALUES (86, 37, 25);
INSERT INTO `scanning_project_digitalizer_partecipant` (`ID`, `ID_scanning_project`, `ID_digitalizer_user`) VALUES (87, 42, 16);
INSERT INTO `scanning_project_digitalizer_partecipant` (`ID`, `ID_scanning_project`, `ID_digitalizer_user`) VALUES (88, 38, 26);
INSERT INTO `scanning_project_digitalizer_partecipant` (`ID`, `ID_scanning_project`, `ID_digitalizer_user`) VALUES (89, 43, 37);
INSERT INTO `scanning_project_digitalizer_partecipant` (`ID`, `ID_scanning_project`, `ID_digitalizer_user`) VALUES (90, 38, 45);
INSERT INTO `scanning_project_digitalizer_partecipant` (`ID`, `ID_scanning_project`, `ID_digitalizer_user`) VALUES (91, 32, 10);
INSERT INTO `scanning_project_digitalizer_partecipant` (`ID`, `ID_scanning_project`, `ID_digitalizer_user`) VALUES (92, 38, 52);
INSERT INTO `scanning_project_digitalizer_partecipant` (`ID`, `ID_scanning_project`, `ID_digitalizer_user`) VALUES (93, 55, 57);
INSERT INTO `scanning_project_digitalizer_partecipant` (`ID`, `ID_scanning_project`, `ID_digitalizer_user`) VALUES (94, 36, 45);
INSERT INTO `scanning_project_digitalizer_partecipant` (`ID`, `ID_scanning_project`, `ID_digitalizer_user`) VALUES (95, 39, 23);
INSERT INTO `scanning_project_digitalizer_partecipant` (`ID`, `ID_scanning_project`, `ID_digitalizer_user`) VALUES (96, 55, 4);
INSERT INTO `scanning_project_digitalizer_partecipant` (`ID`, `ID_scanning_project`, `ID_digitalizer_user`) VALUES (97, 43, 35);
INSERT INTO `scanning_project_digitalizer_partecipant` (`ID`, `ID_scanning_project`, `ID_digitalizer_user`) VALUES (98, 42, 25);
INSERT INTO `scanning_project_digitalizer_partecipant` (`ID`, `ID_scanning_project`, `ID_digitalizer_user`) VALUES (99, 38, 58);
INSERT INTO `scanning_project_digitalizer_partecipant` (`ID`, `ID_scanning_project`, `ID_digitalizer_user`) VALUES (100, 48, 11);


INSERT INTO `scanning_project_reviser_partecipant` (`ID`, `ID_scanning_project`, `ID_reviser_user`) VALUES (1, 35, 30);
INSERT INTO `scanning_project_reviser_partecipant` (`ID`, `ID_scanning_project`, `ID_reviser_user`) VALUES (2, 49, 57);
INSERT INTO `scanning_project_reviser_partecipant` (`ID`, `ID_scanning_project`, `ID_reviser_user`) VALUES (3, 31, 28);
INSERT INTO `scanning_project_reviser_partecipant` (`ID`, `ID_scanning_project`, `ID_reviser_user`) VALUES (4, 44, 11);
INSERT INTO `scanning_project_reviser_partecipant` (`ID`, `ID_scanning_project`, `ID_reviser_user`) VALUES (5, 32, 38);
INSERT INTO `scanning_project_reviser_partecipant` (`ID`, `ID_scanning_project`, `ID_reviser_user`) VALUES (6, 54, 47);
INSERT INTO `scanning_project_reviser_partecipant` (`ID`, `ID_scanning_project`, `ID_reviser_user`) VALUES (7, 48, 4);
INSERT INTO `scanning_project_reviser_partecipant` (`ID`, `ID_scanning_project`, `ID_reviser_user`) VALUES (8, 52, 17);
INSERT INTO `scanning_project_reviser_partecipant` (`ID`, `ID_scanning_project`, `ID_reviser_user`) VALUES (9, 48, 60);
INSERT INTO `scanning_project_reviser_partecipant` (`ID`, `ID_scanning_project`, `ID_reviser_user`) VALUES (10, 48, 21);
INSERT INTO `scanning_project_reviser_partecipant` (`ID`, `ID_scanning_project`, `ID_reviser_user`) VALUES (11, 41, 22);
INSERT INTO `scanning_project_reviser_partecipant` (`ID`, `ID_scanning_project`, `ID_reviser_user`) VALUES (12, 34, 32);
INSERT INTO `scanning_project_reviser_partecipant` (`ID`, `ID_scanning_project`, `ID_reviser_user`) VALUES (13, 30, 19);
INSERT INTO `scanning_project_reviser_partecipant` (`ID`, `ID_scanning_project`, `ID_reviser_user`) VALUES (14, 48, 31);
INSERT INTO `scanning_project_reviser_partecipant` (`ID`, `ID_scanning_project`, `ID_reviser_user`) VALUES (15, 54, 41);
INSERT INTO `scanning_project_reviser_partecipant` (`ID`, `ID_scanning_project`, `ID_reviser_user`) VALUES (16, 42, 17);
INSERT INTO `scanning_project_reviser_partecipant` (`ID`, `ID_scanning_project`, `ID_reviser_user`) VALUES (17, 56, 1);
INSERT INTO `scanning_project_reviser_partecipant` (`ID`, `ID_scanning_project`, `ID_reviser_user`) VALUES (18, 34, 51);
INSERT INTO `scanning_project_reviser_partecipant` (`ID`, `ID_scanning_project`, `ID_reviser_user`) VALUES (19, 49, 25);
INSERT INTO `scanning_project_reviser_partecipant` (`ID`, `ID_scanning_project`, `ID_reviser_user`) VALUES (20, 56, 2);
INSERT INTO `scanning_project_reviser_partecipant` (`ID`, `ID_scanning_project`, `ID_reviser_user`) VALUES (21, 30, 38);
INSERT INTO `scanning_project_reviser_partecipant` (`ID`, `ID_scanning_project`, `ID_reviser_user`) VALUES (22, 44, 1);
INSERT INTO `scanning_project_reviser_partecipant` (`ID`, `ID_scanning_project`, `ID_reviser_user`) VALUES (23, 39, 48);
INSERT INTO `scanning_project_reviser_partecipant` (`ID`, `ID_scanning_project`, `ID_reviser_user`) VALUES (24, 37, 34);
INSERT INTO `scanning_project_reviser_partecipant` (`ID`, `ID_scanning_project`, `ID_reviser_user`) VALUES (25, 38, 43);
INSERT INTO `scanning_project_reviser_partecipant` (`ID`, `ID_scanning_project`, `ID_reviser_user`) VALUES (26, 38, 7);
INSERT INTO `scanning_project_reviser_partecipant` (`ID`, `ID_scanning_project`, `ID_reviser_user`) VALUES (27, 48, 52);
INSERT INTO `scanning_project_reviser_partecipant` (`ID`, `ID_scanning_project`, `ID_reviser_user`) VALUES (28, 39, 7);
INSERT INTO `scanning_project_reviser_partecipant` (`ID`, `ID_scanning_project`, `ID_reviser_user`) VALUES (29, 41, 17);
INSERT INTO `scanning_project_reviser_partecipant` (`ID`, `ID_scanning_project`, `ID_reviser_user`) VALUES (30, 52, 50);
INSERT INTO `scanning_project_reviser_partecipant` (`ID`, `ID_scanning_project`, `ID_reviser_user`) VALUES (31, 31, 31);
INSERT INTO `scanning_project_reviser_partecipant` (`ID`, `ID_scanning_project`, `ID_reviser_user`) VALUES (32, 36, 51);
INSERT INTO `scanning_project_reviser_partecipant` (`ID`, `ID_scanning_project`, `ID_reviser_user`) VALUES (33, 52, 27);
INSERT INTO `scanning_project_reviser_partecipant` (`ID`, `ID_scanning_project`, `ID_reviser_user`) VALUES (34, 56, 49);
INSERT INTO `scanning_project_reviser_partecipant` (`ID`, `ID_scanning_project`, `ID_reviser_user`) VALUES (35, 43, 49);
INSERT INTO `scanning_project_reviser_partecipant` (`ID`, `ID_scanning_project`, `ID_reviser_user`) VALUES (36, 45, 46);
INSERT INTO `scanning_project_reviser_partecipant` (`ID`, `ID_scanning_project`, `ID_reviser_user`) VALUES (37, 29, 34);
INSERT INTO `scanning_project_reviser_partecipant` (`ID`, `ID_scanning_project`, `ID_reviser_user`) VALUES (38, 43, 57);
INSERT INTO `scanning_project_reviser_partecipant` (`ID`, `ID_scanning_project`, `ID_reviser_user`) VALUES (39, 52, 21);
INSERT INTO `scanning_project_reviser_partecipant` (`ID`, `ID_scanning_project`, `ID_reviser_user`) VALUES (40, 32, 16);


INSERT INTO `tag` (`ID`, `name`) VALUES (83, 'a');
INSERT INTO `tag` (`ID`, `name`) VALUES (57, 'accusantium');
INSERT INTO `tag` (`ID`, `name`) VALUES (90, 'aliquam');
INSERT INTO `tag` (`ID`, `name`) VALUES (58, 'aliquid');
INSERT INTO `tag` (`ID`, `name`) VALUES (48, 'aperiam');
INSERT INTO `tag` (`ID`, `name`) VALUES (39, 'architecto');
INSERT INTO `tag` (`ID`, `name`) VALUES (51, 'aspernatur');
INSERT INTO `tag` (`ID`, `name`) VALUES (10, 'at');
INSERT INTO `tag` (`ID`, `name`) VALUES (12, 'aut');
INSERT INTO `tag` (`ID`, `name`) VALUES (30, 'autem');
INSERT INTO `tag` (`ID`, `name`) VALUES (27, 'beatae');
INSERT INTO `tag` (`ID`, `name`) VALUES (40, 'blanditiis');
INSERT INTO `tag` (`ID`, `name`) VALUES (61, 'consectetur');
INSERT INTO `tag` (`ID`, `name`) VALUES (34, 'corporis');
INSERT INTO `tag` (`ID`, `name`) VALUES (6, 'corrupti');
INSERT INTO `tag` (`ID`, `name`) VALUES (97, 'culpa');
INSERT INTO `tag` (`ID`, `name`) VALUES (72, 'cum');
INSERT INTO `tag` (`ID`, `name`) VALUES (33, 'cumque');
INSERT INTO `tag` (`ID`, `name`) VALUES (92, 'delectus');
INSERT INTO `tag` (`ID`, `name`) VALUES (93, 'deserunt');
INSERT INTO `tag` (`ID`, `name`) VALUES (23, 'dolor');
INSERT INTO `tag` (`ID`, `name`) VALUES (95, 'dolore');
INSERT INTO `tag` (`ID`, `name`) VALUES (42, 'dolorem');
INSERT INTO `tag` (`ID`, `name`) VALUES (67, 'doloremque');
INSERT INTO `tag` (`ID`, `name`) VALUES (37, 'dolores');
INSERT INTO `tag` (`ID`, `name`) VALUES (16, 'doloribus');
INSERT INTO `tag` (`ID`, `name`) VALUES (20, 'eaque');
INSERT INTO `tag` (`ID`, `name`) VALUES (100, 'earum');
INSERT INTO `tag` (`ID`, `name`) VALUES (11, 'eius');
INSERT INTO `tag` (`ID`, `name`) VALUES (4, 'eligendi');
INSERT INTO `tag` (`ID`, `name`) VALUES (66, 'enim');
INSERT INTO `tag` (`ID`, `name`) VALUES (17, 'eos');
INSERT INTO `tag` (`ID`, `name`) VALUES (38, 'est');
INSERT INTO `tag` (`ID`, `name`) VALUES (22, 'et');
INSERT INTO `tag` (`ID`, `name`) VALUES (31, 'eum');
INSERT INTO `tag` (`ID`, `name`) VALUES (21, 'eveniet');
INSERT INTO `tag` (`ID`, `name`) VALUES (89, 'ex');
INSERT INTO `tag` (`ID`, `name`) VALUES (70, 'excepturi');
INSERT INTO `tag` (`ID`, `name`) VALUES (88, 'facere');
INSERT INTO `tag` (`ID`, `name`) VALUES (77, 'facilis');
INSERT INTO `tag` (`ID`, `name`) VALUES (86, 'fuga');
INSERT INTO `tag` (`ID`, `name`) VALUES (50, 'harum');
INSERT INTO `tag` (`ID`, `name`) VALUES (73, 'id');
INSERT INTO `tag` (`ID`, `name`) VALUES (2, 'impedit');
INSERT INTO `tag` (`ID`, `name`) VALUES (36, 'in');
INSERT INTO `tag` (`ID`, `name`) VALUES (41, 'incidunt');
INSERT INTO `tag` (`ID`, `name`) VALUES (55, 'inventore');
INSERT INTO `tag` (`ID`, `name`) VALUES (56, 'ipsa');
INSERT INTO `tag` (`ID`, `name`) VALUES (54, 'iste');
INSERT INTO `tag` (`ID`, `name`) VALUES (9, 'itaque');
INSERT INTO `tag` (`ID`, `name`) VALUES (43, 'iusto');
INSERT INTO `tag` (`ID`, `name`) VALUES (47, 'labore');
INSERT INTO `tag` (`ID`, `name`) VALUES (82, 'laboriosam');
INSERT INTO `tag` (`ID`, `name`) VALUES (68, 'magni');
INSERT INTO `tag` (`ID`, `name`) VALUES (65, 'minus');
INSERT INTO `tag` (`ID`, `name`) VALUES (74, 'modi');
INSERT INTO `tag` (`ID`, `name`) VALUES (25, 'neque');
INSERT INTO `tag` (`ID`, `name`) VALUES (8, 'nihil');
INSERT INTO `tag` (`ID`, `name`) VALUES (35, 'nisi');
INSERT INTO `tag` (`ID`, `name`) VALUES (14, 'non');
INSERT INTO `tag` (`ID`, `name`) VALUES (59, 'nulla');
INSERT INTO `tag` (`ID`, `name`) VALUES (99, 'numquam');
INSERT INTO `tag` (`ID`, `name`) VALUES (44, 'odio');
INSERT INTO `tag` (`ID`, `name`) VALUES (76, 'officia');
INSERT INTO `tag` (`ID`, `name`) VALUES (94, 'officiis');
INSERT INTO `tag` (`ID`, `name`) VALUES (49, 'omnis');
INSERT INTO `tag` (`ID`, `name`) VALUES (96, 'porro');
INSERT INTO `tag` (`ID`, `name`) VALUES (19, 'possimus');
INSERT INTO `tag` (`ID`, `name`) VALUES (79, 'praesentium');
INSERT INTO `tag` (`ID`, `name`) VALUES (62, 'provident');
INSERT INTO `tag` (`ID`, `name`) VALUES (91, 'quae');
INSERT INTO `tag` (`ID`, `name`) VALUES (52, 'quaerat');
INSERT INTO `tag` (`ID`, `name`) VALUES (7, 'qui');
INSERT INTO `tag` (`ID`, `name`) VALUES (87, 'quia');
INSERT INTO `tag` (`ID`, `name`) VALUES (98, 'quidem');
INSERT INTO `tag` (`ID`, `name`) VALUES (80, 'quis');
INSERT INTO `tag` (`ID`, `name`) VALUES (32, 'quo');
INSERT INTO `tag` (`ID`, `name`) VALUES (84, 'reiciendis');
INSERT INTO `tag` (`ID`, `name`) VALUES (71, 'repellat');
INSERT INTO `tag` (`ID`, `name`) VALUES (18, 'repellendus');
INSERT INTO `tag` (`ID`, `name`) VALUES (85, 'repudiandae');
INSERT INTO `tag` (`ID`, `name`) VALUES (75, 'rerum');
INSERT INTO `tag` (`ID`, `name`) VALUES (78, 'saepe');
INSERT INTO `tag` (`ID`, `name`) VALUES (63, 'sed');
INSERT INTO `tag` (`ID`, `name`) VALUES (81, 'sit');
INSERT INTO `tag` (`ID`, `name`) VALUES (13, 'sunt');
INSERT INTO `tag` (`ID`, `name`) VALUES (45, 'tempora');
INSERT INTO `tag` (`ID`, `name`) VALUES (3, 'tempore');
INSERT INTO `tag` (`ID`, `name`) VALUES (26, 'tenetur');
INSERT INTO `tag` (`ID`, `name`) VALUES (60, 'ullam');
INSERT INTO `tag` (`ID`, `name`) VALUES (28, 'ut');
INSERT INTO `tag` (`ID`, `name`) VALUES (24, 'vel');
INSERT INTO `tag` (`ID`, `name`) VALUES (15, 'velit');
INSERT INTO `tag` (`ID`, `name`) VALUES (69, 'veniam');
INSERT INTO `tag` (`ID`, `name`) VALUES (46, 'veritatis');
INSERT INTO `tag` (`ID`, `name`) VALUES (53, 'vitae');
INSERT INTO `tag` (`ID`, `name`) VALUES (5, 'voluptas');
INSERT INTO `tag` (`ID`, `name`) VALUES (64, 'voluptate');
INSERT INTO `tag` (`ID`, `name`) VALUES (29, 'voluptatem');
INSERT INTO `tag` (`ID`, `name`) VALUES (1, 'voluptates');


INSERT INTO `tag_metadata` (`ID`, `ID_document_metadata`, `ID_tag`) VALUES (1, 189, 46);
INSERT INTO `tag_metadata` (`ID`, `ID_document_metadata`, `ID_tag`) VALUES (2, 114, 9);
INSERT INTO `tag_metadata` (`ID`, `ID_document_metadata`, `ID_tag`) VALUES (3, 175, 93);
INSERT INTO `tag_metadata` (`ID`, `ID_document_metadata`, `ID_tag`) VALUES (4, 129, 84);
INSERT INTO `tag_metadata` (`ID`, `ID_document_metadata`, `ID_tag`) VALUES (5, 156, 72);
INSERT INTO `tag_metadata` (`ID`, `ID_document_metadata`, `ID_tag`) VALUES (6, 109, 89);
INSERT INTO `tag_metadata` (`ID`, `ID_document_metadata`, `ID_tag`) VALUES (7, 103, 57);
INSERT INTO `tag_metadata` (`ID`, `ID_document_metadata`, `ID_tag`) VALUES (8, 126, 30);
INSERT INTO `tag_metadata` (`ID`, `ID_document_metadata`, `ID_tag`) VALUES (9, 111, 44);
INSERT INTO `tag_metadata` (`ID`, `ID_document_metadata`, `ID_tag`) VALUES (10, 101, 21);
INSERT INTO `tag_metadata` (`ID`, `ID_document_metadata`, `ID_tag`) VALUES (11, 114, 6);
INSERT INTO `tag_metadata` (`ID`, `ID_document_metadata`, `ID_tag`) VALUES (12, 166, 15);
INSERT INTO `tag_metadata` (`ID`, `ID_document_metadata`, `ID_tag`) VALUES (13, 175, 85);
INSERT INTO `tag_metadata` (`ID`, `ID_document_metadata`, `ID_tag`) VALUES (14, 108, 23);
INSERT INTO `tag_metadata` (`ID`, `ID_document_metadata`, `ID_tag`) VALUES (15, 142, 5);
INSERT INTO `tag_metadata` (`ID`, `ID_document_metadata`, `ID_tag`) VALUES (16, 130, 83);
INSERT INTO `tag_metadata` (`ID`, `ID_document_metadata`, `ID_tag`) VALUES (17, 156, 48);
INSERT INTO `tag_metadata` (`ID`, `ID_document_metadata`, `ID_tag`) VALUES (18, 136, 68);
INSERT INTO `tag_metadata` (`ID`, `ID_document_metadata`, `ID_tag`) VALUES (19, 104, 71);
INSERT INTO `tag_metadata` (`ID`, `ID_document_metadata`, `ID_tag`) VALUES (20, 156, 91);
INSERT INTO `tag_metadata` (`ID`, `ID_document_metadata`, `ID_tag`) VALUES (21, 106, 21);
INSERT INTO `tag_metadata` (`ID`, `ID_document_metadata`, `ID_tag`) VALUES (22, 129, 90);
INSERT INTO `tag_metadata` (`ID`, `ID_document_metadata`, `ID_tag`) VALUES (23, 150, 9);
INSERT INTO `tag_metadata` (`ID`, `ID_document_metadata`, `ID_tag`) VALUES (24, 142, 59);
INSERT INTO `tag_metadata` (`ID`, `ID_document_metadata`, `ID_tag`) VALUES (25, 118, 66);
INSERT INTO `tag_metadata` (`ID`, `ID_document_metadata`, `ID_tag`) VALUES (26, 150, 90);
INSERT INTO `tag_metadata` (`ID`, `ID_document_metadata`, `ID_tag`) VALUES (27, 109, 86);
INSERT INTO `tag_metadata` (`ID`, `ID_document_metadata`, `ID_tag`) VALUES (28, 190, 88);
INSERT INTO `tag_metadata` (`ID`, `ID_document_metadata`, `ID_tag`) VALUES (29, 109, 43);
INSERT INTO `tag_metadata` (`ID`, `ID_document_metadata`, `ID_tag`) VALUES (30, 130, 91);
INSERT INTO `tag_metadata` (`ID`, `ID_document_metadata`, `ID_tag`) VALUES (31, 103, 22);
INSERT INTO `tag_metadata` (`ID`, `ID_document_metadata`, `ID_tag`) VALUES (32, 110, 99);
INSERT INTO `tag_metadata` (`ID`, `ID_document_metadata`, `ID_tag`) VALUES (33, 148, 65);
INSERT INTO `tag_metadata` (`ID`, `ID_document_metadata`, `ID_tag`) VALUES (34, 185, 10);
INSERT INTO `tag_metadata` (`ID`, `ID_document_metadata`, `ID_tag`) VALUES (35, 138, 16);
INSERT INTO `tag_metadata` (`ID`, `ID_document_metadata`, `ID_tag`) VALUES (36, 180, 78);
INSERT INTO `tag_metadata` (`ID`, `ID_document_metadata`, `ID_tag`) VALUES (37, 102, 80);
INSERT INTO `tag_metadata` (`ID`, `ID_document_metadata`, `ID_tag`) VALUES (38, 145, 15);
INSERT INTO `tag_metadata` (`ID`, `ID_document_metadata`, `ID_tag`) VALUES (39, 194, 87);
INSERT INTO `tag_metadata` (`ID`, `ID_document_metadata`, `ID_tag`) VALUES (40, 110, 41);
INSERT INTO `tag_metadata` (`ID`, `ID_document_metadata`, `ID_tag`) VALUES (41, 156, 52);
INSERT INTO `tag_metadata` (`ID`, `ID_document_metadata`, `ID_tag`) VALUES (42, 126, 23);
INSERT INTO `tag_metadata` (`ID`, `ID_document_metadata`, `ID_tag`) VALUES (43, 114, 35);
INSERT INTO `tag_metadata` (`ID`, `ID_document_metadata`, `ID_tag`) VALUES (44, 130, 9);
INSERT INTO `tag_metadata` (`ID`, `ID_document_metadata`, `ID_tag`) VALUES (45, 149, 21);
INSERT INTO `tag_metadata` (`ID`, `ID_document_metadata`, `ID_tag`) VALUES (46, 112, 25);
INSERT INTO `tag_metadata` (`ID`, `ID_document_metadata`, `ID_tag`) VALUES (47, 104, 72);
INSERT INTO `tag_metadata` (`ID`, `ID_document_metadata`, `ID_tag`) VALUES (48, 164, 11);
INSERT INTO `tag_metadata` (`ID`, `ID_document_metadata`, `ID_tag`) VALUES (49, 102, 89);
INSERT INTO `tag_metadata` (`ID`, `ID_document_metadata`, `ID_tag`) VALUES (50, 142, 72);
INSERT INTO `tag_metadata` (`ID`, `ID_document_metadata`, `ID_tag`) VALUES (51, 190, 22);
INSERT INTO `tag_metadata` (`ID`, `ID_document_metadata`, `ID_tag`) VALUES (52, 176, 41);
INSERT INTO `tag_metadata` (`ID`, `ID_document_metadata`, `ID_tag`) VALUES (53, 180, 16);
INSERT INTO `tag_metadata` (`ID`, `ID_document_metadata`, `ID_tag`) VALUES (54, 195, 90);
INSERT INTO `tag_metadata` (`ID`, `ID_document_metadata`, `ID_tag`) VALUES (55, 117, 28);
INSERT INTO `tag_metadata` (`ID`, `ID_document_metadata`, `ID_tag`) VALUES (56, 126, 54);
INSERT INTO `tag_metadata` (`ID`, `ID_document_metadata`, `ID_tag`) VALUES (57, 129, 61);
INSERT INTO `tag_metadata` (`ID`, `ID_document_metadata`, `ID_tag`) VALUES (58, 127, 18);
INSERT INTO `tag_metadata` (`ID`, `ID_document_metadata`, `ID_tag`) VALUES (59, 115, 86);
INSERT INTO `tag_metadata` (`ID`, `ID_document_metadata`, `ID_tag`) VALUES (60, 179, 72);
INSERT INTO `tag_metadata` (`ID`, `ID_document_metadata`, `ID_tag`) VALUES (61, 157, 25);
INSERT INTO `tag_metadata` (`ID`, `ID_document_metadata`, `ID_tag`) VALUES (62, 184, 48);



INSERT INTO `transcription_project` (`ID`, `ID_coordinator`, `ID_document`, `date`, `transcription_complete`) VALUES (41, 51, 50, '1985-06-07', 0);
INSERT INTO `transcription_project` (`ID`, `ID_coordinator`, `ID_document`, `date`, `transcription_complete`) VALUES (42, 38, 61, '2001-06-07', 0);
INSERT INTO `transcription_project` (`ID`, `ID_coordinator`, `ID_document`, `date`, `transcription_complete`) VALUES (43, 1, 25, '2002-04-07', 0);
INSERT INTO `transcription_project` (`ID`, `ID_coordinator`, `ID_document`, `date`, `transcription_complete`) VALUES (44, 3, 1, '1999-10-10', 0);
INSERT INTO `transcription_project` (`ID`, `ID_coordinator`, `ID_document`, `date`, `transcription_complete`) VALUES (45, 10, 81, '2008-06-21', 0);
INSERT INTO `transcription_project` (`ID`, `ID_coordinator`, `ID_document`, `date`, `transcription_complete`) VALUES (46, 23, 17, '1987-09-09', 1);
INSERT INTO `transcription_project` (`ID`, `ID_coordinator`, `ID_document`, `date`, `transcription_complete`) VALUES (47, 10, 23, '1982-12-16', 0);
INSERT INTO `transcription_project` (`ID`, `ID_coordinator`, `ID_document`, `date`, `transcription_complete`) VALUES (48, 1, 10, '1973-01-26', 0);
INSERT INTO `transcription_project` (`ID`, `ID_coordinator`, `ID_document`, `date`, `transcription_complete`) VALUES (49, 58, 2, '1976-12-28', 1);
INSERT INTO `transcription_project` (`ID`, `ID_coordinator`, `ID_document`, `date`, `transcription_complete`) VALUES (50, 14, 66, '1980-07-13', 0);
INSERT INTO `transcription_project` (`ID`, `ID_coordinator`, `ID_document`, `date`, `transcription_complete`) VALUES (51, 17, 62, '1991-07-11', 0);
INSERT INTO `transcription_project` (`ID`, `ID_coordinator`, `ID_document`, `date`, `transcription_complete`) VALUES (52, 25, 76, '2002-02-27', 0);
INSERT INTO `transcription_project` (`ID`, `ID_coordinator`, `ID_document`, `date`, `transcription_complete`) VALUES (53, 46, 38, '1971-04-02', 0);
INSERT INTO `transcription_project` (`ID`, `ID_coordinator`, `ID_document`, `date`, `transcription_complete`) VALUES (54, 59, 74, '1983-09-17', 1);
INSERT INTO `transcription_project` (`ID`, `ID_coordinator`, `ID_document`, `date`, `transcription_complete`) VALUES (55, 57, 16, '2013-12-06', 0);
INSERT INTO `transcription_project` (`ID`, `ID_coordinator`, `ID_document`, `date`, `transcription_complete`) VALUES (56, 14, 96, '2002-02-07', 1);
INSERT INTO `transcription_project` (`ID`, `ID_coordinator`, `ID_document`, `date`, `transcription_complete`) VALUES (57, 34, 40, '2008-11-30', 1);
INSERT INTO `transcription_project` (`ID`, `ID_coordinator`, `ID_document`, `date`, `transcription_complete`) VALUES (58, 20, 14, '1993-03-06', 1);
INSERT INTO `transcription_project` (`ID`, `ID_coordinator`, `ID_document`, `date`, `transcription_complete`) VALUES (59, 18, 69, '2017-01-20', 0);
INSERT INTO `transcription_project` (`ID`, `ID_coordinator`, `ID_document`, `date`, `transcription_complete`) VALUES (60, 23, 58, '1978-01-12', 1);
INSERT INTO `transcription_project` (`ID`, `ID_coordinator`, `ID_document`, `date`, `transcription_complete`) VALUES (61, 1, 28, '1982-05-21', 1);
INSERT INTO `transcription_project` (`ID`, `ID_coordinator`, `ID_document`, `date`, `transcription_complete`) VALUES (62, 53, 43, '2013-11-04', 0);
INSERT INTO `transcription_project` (`ID`, `ID_coordinator`, `ID_document`, `date`, `transcription_complete`) VALUES (64, 44, 46, '1998-05-19', 1);
INSERT INTO `transcription_project` (`ID`, `ID_coordinator`, `ID_document`, `date`, `transcription_complete`) VALUES (65, 6, 73, '1983-01-09', 0);
INSERT INTO `transcription_project` (`ID`, `ID_coordinator`, `ID_document`, `date`, `transcription_complete`) VALUES (66, 42, 92, '1987-03-08', 1);
INSERT INTO `transcription_project` (`ID`, `ID_coordinator`, `ID_document`, `date`, `transcription_complete`) VALUES (67, 25, 45, '2012-07-12', 0);
INSERT INTO `transcription_project` (`ID`, `ID_coordinator`, `ID_document`, `date`, `transcription_complete`) VALUES (68, 17, 71, '1992-04-06', 0);
INSERT INTO `transcription_project` (`ID`, `ID_coordinator`, `ID_document`, `date`, `transcription_complete`) VALUES (69, 48, 49, '1979-09-19', 1);
INSERT INTO `transcription_project` (`ID`, `ID_coordinator`, `ID_document`, `date`, `transcription_complete`) VALUES (70, 28, 19, '2003-02-13', 1);
INSERT INTO `transcription_project` (`ID`, `ID_coordinator`, `ID_document`, `date`, `transcription_complete`) VALUES (71, 18, 64, '1973-07-17', 0);
INSERT INTO `transcription_project` (`ID`, `ID_coordinator`, `ID_document`, `date`, `transcription_complete`) VALUES (72, 23, 31, '2010-10-24', 1);
INSERT INTO `transcription_project` (`ID`, `ID_coordinator`, `ID_document`, `date`, `transcription_complete`) VALUES (73, 31, 70, '1988-02-21', 0);
INSERT INTO `transcription_project` (`ID`, `ID_coordinator`, `ID_document`, `date`, `transcription_complete`) VALUES (74, 28, 67, '1983-06-09', 1);
INSERT INTO `transcription_project` (`ID`, `ID_coordinator`, `ID_document`, `date`, `transcription_complete`) VALUES (76, 6, 86, '1980-10-27', 1);
INSERT INTO `transcription_project` (`ID`, `ID_coordinator`, `ID_document`, `date`, `transcription_complete`) VALUES (77, 22, 99, '2018-03-21', 1);
INSERT INTO `transcription_project` (`ID`, `ID_coordinator`, `ID_document`, `date`, `transcription_complete`) VALUES (78, 26, 35, '1975-09-26', 1);

INSERT INTO `transcription_project_reviser_partecipant` (`ID`, `ID_transcription_project`, `ID_reviser_user`) VALUES (1, 43, 29);
INSERT INTO `transcription_project_reviser_partecipant` (`ID`, `ID_transcription_project`, `ID_reviser_user`) VALUES (2, 54, 28);
INSERT INTO `transcription_project_reviser_partecipant` (`ID`, `ID_transcription_project`, `ID_reviser_user`) VALUES (3, 76, 44);
INSERT INTO `transcription_project_reviser_partecipant` (`ID`, `ID_transcription_project`, `ID_reviser_user`) VALUES (4, 77, 56);
INSERT INTO `transcription_project_reviser_partecipant` (`ID`, `ID_transcription_project`, `ID_reviser_user`) VALUES (5, 42, 60);
INSERT INTO `transcription_project_reviser_partecipant` (`ID`, `ID_transcription_project`, `ID_reviser_user`) VALUES (6, 73, 12);
INSERT INTO `transcription_project_reviser_partecipant` (`ID`, `ID_transcription_project`, `ID_reviser_user`) VALUES (7, 56, 29);
INSERT INTO `transcription_project_reviser_partecipant` (`ID`, `ID_transcription_project`, `ID_reviser_user`) VALUES (8, 64, 13);
INSERT INTO `transcription_project_reviser_partecipant` (`ID`, `ID_transcription_project`, `ID_reviser_user`) VALUES (9, 74, 23);
INSERT INTO `transcription_project_reviser_partecipant` (`ID`, `ID_transcription_project`, `ID_reviser_user`) VALUES (10, 44, 12);
INSERT INTO `transcription_project_reviser_partecipant` (`ID`, `ID_transcription_project`, `ID_reviser_user`) VALUES (11, 54, 52);
INSERT INTO `transcription_project_reviser_partecipant` (`ID`, `ID_transcription_project`, `ID_reviser_user`) VALUES (12, 62, 41);
INSERT INTO `transcription_project_reviser_partecipant` (`ID`, `ID_transcription_project`, `ID_reviser_user`) VALUES (13, 76, 2);
INSERT INTO `transcription_project_reviser_partecipant` (`ID`, `ID_transcription_project`, `ID_reviser_user`) VALUES (14, 65, 25);
INSERT INTO `transcription_project_reviser_partecipant` (`ID`, `ID_transcription_project`, `ID_reviser_user`) VALUES (15, 41, 38);
INSERT INTO `transcription_project_reviser_partecipant` (`ID`, `ID_transcription_project`, `ID_reviser_user`) VALUES (16, 50, 53);
INSERT INTO `transcription_project_reviser_partecipant` (`ID`, `ID_transcription_project`, `ID_reviser_user`) VALUES (17, 58, 1);
INSERT INTO `transcription_project_reviser_partecipant` (`ID`, `ID_transcription_project`, `ID_reviser_user`) VALUES (18, 70, 56);
INSERT INTO `transcription_project_reviser_partecipant` (`ID`, `ID_transcription_project`, `ID_reviser_user`) VALUES (19, 77, 33);
INSERT INTO `transcription_project_reviser_partecipant` (`ID`, `ID_transcription_project`, `ID_reviser_user`) VALUES (20, 44, 35);
INSERT INTO `transcription_project_reviser_partecipant` (`ID`, `ID_transcription_project`, `ID_reviser_user`) VALUES (21, 49, 24);
INSERT INTO `transcription_project_reviser_partecipant` (`ID`, `ID_transcription_project`, `ID_reviser_user`) VALUES (22, 71, 56);
INSERT INTO `transcription_project_reviser_partecipant` (`ID`, `ID_transcription_project`, `ID_reviser_user`) VALUES (23, 71, 43);
INSERT INTO `transcription_project_reviser_partecipant` (`ID`, `ID_transcription_project`, `ID_reviser_user`) VALUES (24, 76, 8);
INSERT INTO `transcription_project_reviser_partecipant` (`ID`, `ID_transcription_project`, `ID_reviser_user`) VALUES (25, 43, 2);


INSERT INTO `transcription_project_transcriber_partecipant` (`ID`, `ID_transcription_project`, `ID_transcriber_user`) VALUES (1, 73, 48);
INSERT INTO `transcription_project_transcriber_partecipant` (`ID`, `ID_transcription_project`, `ID_transcriber_user`) VALUES (2, 41, 5);
INSERT INTO `transcription_project_transcriber_partecipant` (`ID`, `ID_transcription_project`, `ID_transcriber_user`) VALUES (3, 47, 25);
INSERT INTO `transcription_project_transcriber_partecipant` (`ID`, `ID_transcription_project`, `ID_transcriber_user`) VALUES (4, 51, 31);
INSERT INTO `transcription_project_transcriber_partecipant` (`ID`, `ID_transcription_project`, `ID_transcriber_user`) VALUES (5, 74, 21);
INSERT INTO `transcription_project_transcriber_partecipant` (`ID`, `ID_transcription_project`, `ID_transcriber_user`) VALUES (6, 53, 47);
INSERT INTO `transcription_project_transcriber_partecipant` (`ID`, `ID_transcription_project`, `ID_transcriber_user`) VALUES (7, 55, 4);
INSERT INTO `transcription_project_transcriber_partecipant` (`ID`, `ID_transcription_project`, `ID_transcriber_user`) VALUES (8, 67, 44);
INSERT INTO `transcription_project_transcriber_partecipant` (`ID`, `ID_transcription_project`, `ID_transcriber_user`) VALUES (9, 51, 51);
INSERT INTO `transcription_project_transcriber_partecipant` (`ID`, `ID_transcription_project`, `ID_transcriber_user`) VALUES (10, 50, 30);
INSERT INTO `transcription_project_transcriber_partecipant` (`ID`, `ID_transcription_project`, `ID_transcriber_user`) VALUES (11, 50, 56);
INSERT INTO `transcription_project_transcriber_partecipant` (`ID`, `ID_transcription_project`, `ID_transcriber_user`) VALUES (12, 53, 46);
INSERT INTO `transcription_project_transcriber_partecipant` (`ID`, `ID_transcription_project`, `ID_transcriber_user`) VALUES (13, 71, 3);
INSERT INTO `transcription_project_transcriber_partecipant` (`ID`, `ID_transcription_project`, `ID_transcriber_user`) VALUES (14, 52, 17);
INSERT INTO `transcription_project_transcriber_partecipant` (`ID`, `ID_transcription_project`, `ID_transcriber_user`) VALUES (15, 55, 59);
INSERT INTO `transcription_project_transcriber_partecipant` (`ID`, `ID_transcription_project`, `ID_transcriber_user`) VALUES (16, 46, 60);
INSERT INTO `transcription_project_transcriber_partecipant` (`ID`, `ID_transcription_project`, `ID_transcriber_user`) VALUES (17, 71, 17);
INSERT INTO `transcription_project_transcriber_partecipant` (`ID`, `ID_transcription_project`, `ID_transcriber_user`) VALUES (18, 72, 22);
INSERT INTO `transcription_project_transcriber_partecipant` (`ID`, `ID_transcription_project`, `ID_transcriber_user`) VALUES (19, 44, 13);
INSERT INTO `transcription_project_transcriber_partecipant` (`ID`, `ID_transcription_project`, `ID_transcriber_user`) VALUES (20, 45, 55);
INSERT INTO `transcription_project_transcriber_partecipant` (`ID`, `ID_transcription_project`, `ID_transcriber_user`) VALUES (21, 76, 38);
INSERT INTO `transcription_project_transcriber_partecipant` (`ID`, `ID_transcription_project`, `ID_transcriber_user`) VALUES (22, 58, 12);
INSERT INTO `transcription_project_transcriber_partecipant` (`ID`, `ID_transcription_project`, `ID_transcriber_user`) VALUES (23, 59, 44);
INSERT INTO `transcription_project_transcriber_partecipant` (`ID`, `ID_transcription_project`, `ID_transcriber_user`) VALUES (24, 42, 8);
INSERT INTO `transcription_project_transcriber_partecipant` (`ID`, `ID_transcription_project`, `ID_transcriber_user`) VALUES (25, 55, 38);
INSERT INTO `transcription_project_transcriber_partecipant` (`ID`, `ID_transcription_project`, `ID_transcriber_user`) VALUES (26, 52, 24);
INSERT INTO `transcription_project_transcriber_partecipant` (`ID`, `ID_transcription_project`, `ID_transcriber_user`) VALUES (27, 47, 14);
INSERT INTO `transcription_project_transcriber_partecipant` (`ID`, `ID_transcription_project`, `ID_transcriber_user`) VALUES (28, 55, 48);
INSERT INTO `transcription_project_transcriber_partecipant` (`ID`, `ID_transcription_project`, `ID_transcriber_user`) VALUES (29, 78, 15);
INSERT INTO `transcription_project_transcriber_partecipant` (`ID`, `ID_transcription_project`, `ID_transcriber_user`) VALUES (30, 69, 5);
INSERT INTO `transcription_project_transcriber_partecipant` (`ID`, `ID_transcription_project`, `ID_transcriber_user`) VALUES (31, 68, 34);
INSERT INTO `transcription_project_transcriber_partecipant` (`ID`, `ID_transcription_project`, `ID_transcriber_user`) VALUES (32, 72, 49);
INSERT INTO `transcription_project_transcriber_partecipant` (`ID`, `ID_transcription_project`, `ID_transcriber_user`) VALUES (33, 53, 51);
INSERT INTO `transcription_project_transcriber_partecipant` (`ID`, `ID_transcription_project`, `ID_transcriber_user`) VALUES (34, 61, 57);
INSERT INTO `transcription_project_transcriber_partecipant` (`ID`, `ID_transcription_project`, `ID_transcriber_user`) VALUES (35, 69, 3);
INSERT INTO `transcription_project_transcriber_partecipant` (`ID`, `ID_transcription_project`, `ID_transcriber_user`) VALUES (36, 48, 47);
INSERT INTO `transcription_project_transcriber_partecipant` (`ID`, `ID_transcription_project`, `ID_transcriber_user`) VALUES (37, 53, 16);
INSERT INTO `transcription_project_transcriber_partecipant` (`ID`, `ID_transcription_project`, `ID_transcriber_user`) VALUES (38, 67, 39);
INSERT INTO `transcription_project_transcriber_partecipant` (`ID`, `ID_transcription_project`, `ID_transcriber_user`) VALUES (39, 74, 21);
INSERT INTO `transcription_project_transcriber_partecipant` (`ID`, `ID_transcription_project`, `ID_transcriber_user`) VALUES (40, 57, 59);
